Time,header.seq,header.stamp.secs,header.stamp.nsecs,header.frame_id,child_frame_id,pose.pose.position.x,pose.pose.position.y,pose.pose.position.z,pose.pose.orientation.x,pose.pose.orientation.y,pose.pose.orientation.z,pose.pose.orientation.w,pose.covariance,twist.twist.linear.x,twist.twist.linear.y,twist.twist.linear.z,twist.twist.angular.x,twist.twist.angular.y,twist.twist.angular.z,twist.covariance
13.648661937,198,13,598661936,map,ego_vehicle,239.62313842773438,-92.1798324584961,0.20377711951732635,-0.003622266340411367,0.0037111350188016937,0.6984403828842811,0.7156494520502967,"(0.0, 0.0, 0.0, 0.0, 0.0, 0.0, 0.0, 0.0, 0.0, 0.0, 0.0, 0.0, 0.0, 0.0, 0.0, 0.0, 0.0, 0.0, 0.0, 0.0, 0.0, 0.0, 0.0, 0.0, 0.0, 0.0, 0.0, 0.0, 0.0, 0.0, 0.0, 0.0, 0.0, 0.0, 0.0, 0.0)",1.3046289769422133e-05,6.050095808414966e-06,-0.0012063142749337776,-3.461216427525457e-06,-1.4382681128145746e-05,3.7710637466084074e-06,"(0.0, 0.0, 0.0, 0.0, 0.0, 0.0, 0.0, 0.0, 0.0, 0.0, 0.0, 0.0, 0.0, 0.0, 0.0, 0.0, 0.0, 0.0, 0.0, 0.0, 0.0, 0.0, 0.0, 0.0, 0.0, 0.0, 0.0, 0.0, 0.0, 0.0, 0.0, 0.0, 0.0, 0.0, 0.0, 0.0)"
13.648661937,199,13,648661937,map,ego_vehicle,239.62313842773438,-92.1798324584961,0.20373354852199554,-0.003622266340411367,0.0037111350188016937,0.6984403828842811,0.7156494520502967,"(0.0, 0.0, 0.0, 0.0, 0.0, 0.0, 0.0, 0.0, 0.0, 0.0, 0.0, 0.0, 0.0, 0.0, 0.0, 0.0, 0.0, 0.0, 0.0, 0.0, 0.0, 0.0, 0.0, 0.0, 0.0, 0.0, 0.0, 0.0, 0.0, 0.0, 0.0, 0.0, 0.0, 0.0, 0.0, 0.0)",1.920764572944989e-05,1.7741125193786537e-06,-0.0006693544917047958,-3.6869604338440386e-06,-4.3180069099389195e-06,3.896935910324186e-06,"(0.0, 0.0, 0.0, 0.0, 0.0, 0.0, 0.0, 0.0, 0.0, 0.0, 0.0, 0.0, 0.0, 0.0, 0.0, 0.0, 0.0, 0.0, 0.0, 0.0, 0.0, 0.0, 0.0, 0.0, 0.0, 0.0, 0.0, 0.0, 0.0, 0.0, 0.0, 0.0, 0.0, 0.0, 0.0, 0.0)"
13.698661938,200,13,698661938,map,ego_vehicle,239.62313842773438,-92.1798324584961,0.20371131598949432,-0.003622266340411367,0.0037111350188016937,0.6984403828842811,0.7156494520502967,"(0.0, 0.0, 0.0, 0.0, 0.0, 0.0, 0.0, 0.0, 0.0, 0.0, 0.0, 0.0, 0.0, 0.0, 0.0, 0.0, 0.0, 0.0, 0.0, 0.0, 0.0, 0.0, 0.0, 0.0, 0.0, 0.0, 0.0, 0.0, 0.0, 0.0, 0.0, 0.0, 0.0, 0.0, 0.0, 0.0)",2.3455468297721868e-05,-1.1250425340920421e-06,-0.00031575506267482873,-2.681219239099025e-06,1.2823288427148748e-06,3.962486323301682e-06,"(0.0, 0.0, 0.0, 0.0, 0.0, 0.0, 0.0, 0.0, 0.0, 0.0, 0.0, 0.0, 0.0, 0.0, 0.0, 0.0, 0.0, 0.0, 0.0, 0.0, 0.0, 0.0, 0.0, 0.0, 0.0, 0.0, 0.0, 0.0, 0.0, 0.0, 0.0, 0.0, 0.0, 0.0, 0.0, 0.0)"
13.748661939,201,13,748661939,map,ego_vehicle,239.62313842773438,-92.1798324584961,0.20370258390903473,-0.003622266340411367,0.0037111350188016937,0.6984403828842811,0.7156494520502967,"(0.0, 0.0, 0.0, 0.0, 0.0, 0.0, 0.0, 0.0, 0.0, 0.0, 0.0, 0.0, 0.0, 0.0, 0.0, 0.0, 0.0, 0.0, 0.0, 0.0, 0.0, 0.0, 0.0, 0.0, 0.0, 0.0, 0.0, 0.0, 0.0, 0.0, 0.0, 0.0, 0.0, 0.0, 0.0, 0.0)",2.613504515722222e-05,-3.321928866771963e-06,-0.00010086566355299553,-1.5265830803763505e-06,1.4024011457955587e-06,3.965237168044137e-06,"(0.0, 0.0, 0.0, 0.0, 0.0, 0.0, 0.0, 0.0, 0.0, 0.0, 0.0, 0.0, 0.0, 0.0, 0.0, 0.0, 0.0, 0.0, 0.0, 0.0, 0.0, 0.0, 0.0, 0.0, 0.0, 0.0, 0.0, 0.0, 0.0, 0.0, 0.0, 0.0, 0.0, 0.0, 0.0, 0.0)"
13.798661939,202,13,798661939,map,ego_vehicle,239.62313842773438,-92.1798324584961,0.20370155572891235,-0.003622266340411367,0.0037111350188016937,0.6984403828842811,0.7156494520502967,"(0.0, 0.0, 0.0, 0.0, 0.0, 0.0, 0.0, 0.0, 0.0, 0.0, 0.0, 0.0, 0.0, 0.0, 0.0, 0.0, 0.0, 0.0, 0.0, 0.0, 0.0, 0.0, 0.0, 0.0, 0.0, 0.0, 0.0, 0.0, 0.0, 0.0, 0.0, 0.0, 0.0, 0.0, 0.0, 0.0)",2.7605870632604934e-05,-4.546822809692495e-06,1.925290984185399e-05,-1.057560369094638e-06,1.9761099954529123e-06,3.973964134731932e-06,"(0.0, 0.0, 0.0, 0.0, 0.0, 0.0, 0.0, 0.0, 0.0, 0.0, 0.0, 0.0, 0.0, 0.0, 0.0, 0.0, 0.0, 0.0, 0.0, 0.0, 0.0, 0.0, 0.0, 0.0, 0.0, 0.0, 0.0, 0.0, 0.0, 0.0, 0.0, 0.0, 0.0, 0.0, 0.0, 0.0)"
13.84866194,203,13,848661940,map,ego_vehicle,239.62313842773438,-92.1798324584961,0.2037029266357422,-0.003622266340411367,0.0037111350188016937,0.6984403828842811,0.7156494520502967,"(0.0, 0.0, 0.0, 0.0, 0.0, 0.0, 0.0, 0.0, 0.0, 0.0, 0.0, 0.0, 0.0, 0.0, 0.0, 0.0, 0.0, 0.0, 0.0, 0.0, 0.0, 0.0, 0.0, 0.0, 0.0, 0.0, 0.0, 0.0, 0.0, 0.0, 0.0, 0.0, 0.0, 0.0, 0.0, 0.0)",2.7639190591470345e-05,-4.633468463579974e-06,4.9284798732890535e-05,-2.8437933760437517e-06,3.4060347004136e-06,3.98399045713041e-06,"(0.0, 0.0, 0.0, 0.0, 0.0, 0.0, 0.0, 0.0, 0.0, 0.0, 0.0, 0.0, 0.0, 0.0, 0.0, 0.0, 0.0, 0.0, 0.0, 0.0, 0.0, 0.0, 0.0, 0.0, 0.0, 0.0, 0.0, 0.0, 0.0, 0.0, 0.0, 0.0, 0.0, 0.0, 0.0, 0.0)"
13.898661941,204,13,898661941,map,ego_vehicle,239.62313842773438,-92.1798324584961,0.2037065476179123,-0.003622266340411367,0.0037111350188016937,0.6984403828842811,0.7156494520502967,"(0.0, 0.0, 0.0, 0.0, 0.0, 0.0, 0.0, 0.0, 0.0, 0.0, 0.0, 0.0, 0.0, 0.0, 0.0, 0.0, 0.0, 0.0, 0.0, 0.0, 0.0, 0.0, 0.0, 0.0, 0.0, 0.0, 0.0, 0.0, 0.0, 0.0, 0.0, 0.0, 0.0, 0.0, 0.0, 0.0)",2.8387312987909872e-05,-5.198053586279636e-06,8.553912782936596e-05,-9.568175060833545e-07,1.9487000918156433e-06,3.973417572282873e-06,"(0.0, 0.0, 0.0, 0.0, 0.0, 0.0, 0.0, 0.0, 0.0, 0.0, 0.0, 0.0, 0.0, 0.0, 0.0, 0.0, 0.0, 0.0, 0.0, 0.0, 0.0, 0.0, 0.0, 0.0, 0.0, 0.0, 0.0, 0.0, 0.0, 0.0, 0.0, 0.0, 0.0, 0.0, 0.0, 0.0)"
13.948661942,205,13,948661942,map,ego_vehicle,239.62313842773438,-92.1798324584961,0.2037111222743988,-0.003622266340411367,0.0037111350188016937,0.6984403828842811,0.7156494520502967,"(0.0, 0.0, 0.0, 0.0, 0.0, 0.0, 0.0, 0.0, 0.0, 0.0, 0.0, 0.0, 0.0, 0.0, 0.0, 0.0, 0.0, 0.0, 0.0, 0.0, 0.0, 0.0, 0.0, 0.0, 0.0, 0.0, 0.0, 0.0, 0.0, 0.0, 0.0, 0.0, 0.0, 0.0, 0.0, 0.0)",2.8537834927137632e-05,-5.515619723093751e-06,9.181180811419795e-05,-5.247129357650023e-07,4.981711476533086e-08,3.953015198632593e-06,"(0.0, 0.0, 0.0, 0.0, 0.0, 0.0, 0.0, 0.0, 0.0, 0.0, 0.0, 0.0, 0.0, 0.0, 0.0, 0.0, 0.0, 0.0, 0.0, 0.0, 0.0, 0.0, 0.0, 0.0, 0.0, 0.0, 0.0, 0.0, 0.0, 0.0, 0.0, 0.0, 0.0, 0.0, 0.0, 0.0)"
13.998661942,206,13,998661942,map,ego_vehicle,239.62313842773438,-92.1798324584961,0.2037154734134674,-0.003622266340411367,0.0037111350188016937,0.6984403828842811,0.7156494520502967,"(0.0, 0.0, 0.0, 0.0, 0.0, 0.0, 0.0, 0.0, 0.0, 0.0, 0.0, 0.0, 0.0, 0.0, 0.0, 0.0, 0.0, 0.0, 0.0, 0.0, 0.0, 0.0, 0.0, 0.0, 0.0, 0.0, 0.0, 0.0, 0.0, 0.0, 0.0, 0.0, 0.0, 0.0, 0.0, 0.0)",2.8504213918726083e-05,-5.355807410082509e-06,8.081810270452388e-05,1.6283591967442437e-08,5.470719305989475e-07,3.961397516043728e-06,"(0.0, 0.0, 0.0, 0.0, 0.0, 0.0, 0.0, 0.0, 0.0, 0.0, 0.0, 0.0, 0.0, 0.0, 0.0, 0.0, 0.0, 0.0, 0.0, 0.0, 0.0, 0.0, 0.0, 0.0, 0.0, 0.0, 0.0, 0.0, 0.0, 0.0, 0.0, 0.0, 0.0, 0.0, 0.0, 0.0)"
14.048661943,207,14,48661943,map,ego_vehicle,239.62313842773438,-92.1798095703125,0.2037195861339569,-0.00362284497924694,0.0037105702915805976,0.6984417199704512,0.7156481471135694,"(0.0, 0.0, 0.0, 0.0, 0.0, 0.0, 0.0, 0.0, 0.0, 0.0, 0.0, 0.0, 0.0, 0.0, 0.0, 0.0, 0.0, 0.0, 0.0, 0.0, 0.0, 0.0, 0.0, 0.0, 0.0, 0.0, 0.0, 0.0, 0.0, 0.0, 0.0, 0.0, 0.0, 0.0, 0.0, 0.0)",0.0019346689937217532,0.0003757950989912666,4.7399176345658804e-05,0.00013043731133281818,0.00016975402306342136,0.0003716619452118341,"(0.0, 0.0, 0.0, 0.0, 0.0, 0.0, 0.0, 0.0, 0.0, 0.0, 0.0, 0.0, 0.0, 0.0, 0.0, 0.0, 0.0, 0.0, 0.0, 0.0, 0.0, 0.0, 0.0, 0.0, 0.0, 0.0, 0.0, 0.0, 0.0, 0.0, 0.0, 0.0, 0.0, 0.0, 0.0, 0.0)"
14.098661944,208,14,98661944,map,ego_vehicle,239.62083435058594,-92.15447998046875,0.20197059214115143,-0.002144156962451205,0.0031231036529974837,0.6992879950318822,0.7148300139325316,"(0.0, 0.0, 0.0, 0.0, 0.0, 0.0, 0.0, 0.0, 0.0, 0.0, 0.0, 0.0, 0.0, 0.0, 0.0, 0.0, 0.0, 0.0, 0.0, 0.0, 0.0, 0.0, 0.0, 0.0, 0.0, 0.0, 0.0, 0.0, 0.0, 0.0, 0.0, 0.0, 0.0, 0.0, 0.0, 0.0)",0.7457957725091972,0.10108763126475842,-0.008762051935372933,-0.0769070905320661,-0.028147168023480638,0.06752288899300786,"(0.0, 0.0, 0.0, 0.0, 0.0, 0.0, 0.0, 0.0, 0.0, 0.0, 0.0, 0.0, 0.0, 0.0, 0.0, 0.0, 0.0, 0.0, 0.0, 0.0, 0.0, 0.0, 0.0, 0.0, 0.0, 0.0, 0.0, 0.0, 0.0, 0.0, 0.0, 0.0, 0.0, 0.0, 0.0, 0.0)"
