Time,clock.secs,clock.nsecs
22.212018559,22,212018559
22.26201856,22,262018560
22.312018561,22,312018561
22.362018561,22,362018561
22.412018562,22,412018562
22.462018563,22,462018563
22.512018564,22,512018564
22.562018564,22,562018564
22.612018565,22,612018565
22.662018566,22,662018566
22.712018567,22,712018567
22.762018567,22,762018567
22.812018568,22,812018568
22.862018569,22,862018569
22.91201857,22,912018570
22.96201857,22,962018570
23.012018571,23,12018571
23.062018572,23,62018572
23.112018573,23,112018573
23.112018573,23,162018573
23.212018574,23,212018574
23.262018575,23,262018575
23.312018576,23,312018576
23.362018576,23,362018576
23.412018577,23,412018577
23.462018578,23,462018578
23.512018579,23,512018579
23.562018579,23,562018579
23.562018579,23,612018580
23.662018581,23,662018581
23.712018582,23,712018582
23.762018582,23,762018582
23.812018583,23,812018583
23.862018584,23,862018584
23.912018585,23,912018585
23.912018585,23,962018585
24.012018586,24,12018586
24.062018587,24,62018587
24.112018587,24,112018587
24.162018588,24,162018588
24.212018589,24,212018589
24.26201859,24,262018590
24.31201859,24,312018590
24.362018591000002,24,362018591
24.412018592,24,412018592
24.462018593,24,462018593
24.512018593,24,512018593
24.562018594,24,562018594
24.612018595,24,612018595
24.612018595,24,662018596
24.662018596,24,712018596
24.762018597,24,762018597
24.762018597,24,812018598
24.862018599,24,862018599
24.912018599,24,912018599
24.9620186,24,962018600
25.012018601,25,12018601
25.012018601,25,62018602
25.112018602,25,112018602
25.162018603,25,162018603
25.212018604,25,212018604
25.262018605,25,262018605
25.312018605,25,312018605
25.362018606,25,362018606
25.412018607,25,412018607
25.462018608,25,462018608
25.512018607999998,25,512018608
25.562018609,25,562018609
25.61201861,25,612018610
25.662018611,25,662018611
25.712018611,25,712018611
25.762018612,25,762018612
25.812018613,25,812018613
25.862018614,25,862018614
25.912018614,25,912018614
25.962018615,25,962018615
25.962018615,26,12018616
26.062018617,26,62018617
26.112018617,26,112018617
26.162018618,26,162018618
26.212018619,26,212018619
26.26201862,26,262018620
26.31201862,26,312018620
26.362018621,26,362018621
26.412018622,26,412018622
26.462018623,26,462018623
26.462018623,26,512018623
26.562018624,26,562018624
26.612018625,26,612018625
26.662018625,26,662018625
26.662018625,26,712018626
26.762018627,26,762018627
26.762018627,26,812018628
26.862018628,26,862018628
26.912018629,26,912018629
26.96201863,26,962018630
27.012018631,27,12018631
27.012018631,27,62018631
27.112018632,27,112018632
27.162018633,27,162018633
27.212018634,27,212018634
27.262018634,27,262018634
27.312018635,27,312018635
27.362018636,27,362018636
27.412018637,27,412018637
27.462018637,27,462018637
27.462018637,27,512018638
27.562018639,27,562018639
27.61201864,27,612018640
27.66201864,27,662018640
27.712018641,27,712018641
27.762018642,27,762018642
27.812018643000002,27,812018643
27.862018643,27,862018643
27.912018644,27,912018644
27.912018644,27,962018645
28.012018646,28,12018646
28.062018646,28,62018646
28.112018647,28,112018647
28.162018648,28,162018648
28.162018648,28,212018649
28.262018649,28,262018649
28.31201865,28,312018650
28.362018651,28,362018651
28.412018652,28,412018652
28.462018652,28,462018652
28.512018653,28,512018653
28.562018654,28,562018654
28.612018655,28,612018655
28.662018655,28,662018655
28.712018656,28,712018656
28.762018657,28,762018657
28.812018658,28,812018658
28.862018658,28,862018658
28.912018659,28,912018659
28.96201866,28,962018660
29.012018661,29,12018661
29.062018661,29,62018661
29.112018662,29,112018662
29.162018663,29,162018663
29.212018663,29,212018663
29.262018664,29,262018664
29.312018665,29,312018665
29.362018666,29,362018666
29.412018666,29,412018666
29.462018667,29,462018667
29.512018668,29,512018668
29.562018669,29,562018669
29.612018669,29,612018669
29.66201867,29,662018670
29.712018671,29,712018671
29.762018672,29,762018672
29.812018672,29,812018672
29.862018673,29,862018673
29.912018674,29,912018674
29.962018675,29,962018675
30.012018675,30,12018675
30.062018676,30,62018676
30.112018677000002,30,112018677
30.162018678,30,162018678
30.212018678,30,212018678
30.262018679,30,262018679
30.31201868,30,312018680
30.362018681,30,362018681
30.412018681,30,412018681
30.462018682,30,462018682
30.512018683,30,512018683
30.512018683,30,562018684
30.612018684,30,612018684
30.612018684,30,662018685
30.712018686,30,712018686
30.762018687,30,762018687
30.812018687,30,812018687
30.862018688,30,862018688
30.912018689,30,912018689
30.96201869,30,962018690
31.01201869,31,12018690
31.062018691,31,62018691
31.112018692,31,112018692
31.162018693,31,162018693
31.212018693,31,212018693
31.262018693999998,31,262018694
31.312018695,31,312018695
31.312018695,31,362018696
31.412018696,31,412018696
31.462018697,31,462018697
31.512018698,31,512018698
31.562018699,31,562018699
31.612018699,31,612018699
31.6620187,31,662018700
31.712018701,31,712018701
31.762018701,31,762018701
31.762018701,31,812018702
31.862018703,31,862018703
31.912018704,31,912018704
31.962018704000002,31,962018704
32.012018705,32,12018705
32.062018706,32,62018706
32.112018707,32,112018707
32.162018707,32,162018707
32.212018708,32,212018708
32.262018709,32,262018709
32.31201871,32,312018710
32.36201871,32,362018710
32.412018711,32,412018711
32.462018712,32,462018712
32.512018713,32,512018713
32.562018713,32,562018713
32.612018714,32,612018714
32.662018715,32,662018715
32.712018716,32,712018716
32.762018716,32,762018716
32.812018717,32,812018717
32.862018718,32,862018718
32.912018719,32,912018719
32.962018719,32,962018719
33.01201872,33,12018720
33.062018721,33,62018721
33.112018722,33,112018722
33.162018722,33,162018722
33.212018723,33,212018723
33.262018724,33,262018724
33.312018725,33,312018725
33.362018725,33,362018725
33.412018726,33,412018726
33.462018727,33,462018727
33.462018727,33,512018728
33.562018728,33,562018728
33.612018729,33,612018729
33.66201873,33,662018730
33.712018731,33,712018731
33.712018731,33,762018731
33.812018732,33,812018732
33.862018733,33,862018733
33.912018734,33,912018734
33.962018734,33,962018734
34.012018735,34,12018735
34.062018736,34,62018736
34.062018736,34,112018737
34.112018737,34,162018737
34.212018738,34,212018738
34.262018739,34,262018739
34.312018739,34,312018739
34.36201874,34,362018740
34.412018741,34,412018741
34.462018742,34,462018742
34.512018742,34,512018742
34.562018743,34,562018743
34.612018744,34,612018744
34.662018745,34,662018745
34.712018745,34,712018745
34.762018746,34,762018746
34.812018747,34,812018747
34.862018748,34,862018748
34.912018748,34,912018748
34.962018749,34,962018749
35.01201875,35,12018750
35.062018751,35,62018751
35.112018751,35,112018751
35.162018752,35,162018752
35.212018753,35,212018753
35.262018754,35,262018754
35.312018754,35,312018754
35.362018755,35,362018755
35.412018756,35,412018756
35.462018757,35,462018757
35.462018757,35,512018757
35.562018758,35,562018758
35.612018759,35,612018759
35.612018759,35,662018760
35.71201876,35,712018760
35.762018761,35,762018761
35.812018762,35,812018762
35.862018763,35,862018763
35.912018763,35,912018763
35.962018764,35,962018764
36.012018765,36,12018765
36.062018766,36,62018766
36.112018766,36,112018766
36.162018767,36,162018767
36.212018768,36,212018768
36.262018769,36,262018769
36.312018769,36,312018769
36.312018769,36,362018770
36.412018771,36,412018771
36.462018772,36,462018772
36.512018772,36,512018772
36.562018773,36,562018773
36.612018774,36,612018774
36.662018775,36,662018775
36.712018775,36,712018775
36.762018776,36,762018776
36.812018777,36,812018777
36.862018777,36,862018777
36.912018778,36,912018778
36.962018779,36,962018779
37.01201878,37,12018780
37.06201878,37,62018780
37.112018781,37,112018781
37.162018782,37,162018782
37.212018783,37,212018783
37.262018783,37,262018783
37.312018784,37,312018784
37.362018785,37,362018785
37.412018786,37,412018786
37.462018786,37,462018786
37.512018787,37,512018787
37.562018788,37,562018788
37.612018789,37,612018789
37.662018789,37,662018789
37.71201879,37,712018790
37.762018791,37,762018791
37.812018792,37,812018792
37.862018792,37,862018792
37.912018793,37,912018793
37.962018794,37,962018794
38.012018795,38,12018795
38.062018795,38,62018795
38.112018796,38,112018796
38.162018797,38,162018797
38.212018798,38,212018798
38.262018798,38,262018798
38.312018799,38,312018799
38.3620188,38,362018800
38.412018801,38,412018801
38.462018801,38,462018801
38.512018802,38,512018802
38.562018803,38,562018803
38.612018804,38,612018804
38.662018804,38,662018804
38.712018805,38,712018805
38.762018806,38,762018806
38.812018807,38,812018807
38.862018807,38,862018807
38.912018808,38,912018808
38.912018808,38,962018809
39.01201881,39,12018810
39.06201881,39,62018810
39.112018811,39,112018811
39.162018812,39,162018812
39.212018813,39,212018813
39.262018813,39,262018813
39.312018814,39,312018814
39.362018815,39,362018815
39.412018815,39,412018815
39.462018816,39,462018816
39.512018817,39,512018817
39.562018818,39,562018818
39.612018818,39,612018818
39.662018819,39,662018819
39.662018819,39,712018820
39.762018821,39,762018821
39.762018821,39,812018821
39.862018822,39,862018822
39.912018823,39,912018823
39.962018824,39,962018824
40.012018824,40,12018824
40.062018825,40,62018825
40.112018826,40,112018826
40.162018827,40,162018827
40.212018827,40,212018827
40.262018828,40,262018828
40.312018829,40,312018829
40.36201883,40,362018830
40.41201883,40,412018830
40.41201883,40,462018831
40.512018832,40,512018832
40.562018833,40,562018833
40.612018833,40,612018833
40.662018834,40,662018834
40.712018835,40,712018835
40.712018835,40,762018836
40.812018836,40,812018836
40.862018837,40,862018837
40.912018838,40,912018838
40.962018839,40,962018839
41.012018839,41,12018839
41.06201884,41,62018840
41.06201884,41,112018841
41.162018842,41,162018842
41.212018842,41,212018842
41.262018843,41,262018843
41.312018844,41,312018844
41.362018845,41,362018845
41.362018845,41,412018845
41.462018846,41,462018846
41.512018847,41,512018847
41.562018848,41,562018848
41.612018848,41,612018848
41.662018849,41,662018849
41.71201885,41,712018850
41.762018851,41,762018851
41.812018851,41,812018851
41.862018852,41,862018852
41.912018853,41,912018853
41.962018853000004,41,962018853
42.012018854,42,12018854
42.062018855,42,62018855
42.112018856,42,112018856
42.162018856,42,162018856
42.212018857,42,212018857
42.262018858,42,262018858
42.312018859,42,312018859
42.362018859,42,362018859
42.41201886,42,412018860
42.462018861,42,462018861
42.512018862,42,512018862
42.562018862,42,562018862
42.612018863,42,612018863
42.662018864,42,662018864
42.712018865,42,712018865
42.762018865,42,762018865
42.812018866,42,812018866
42.862018867,42,862018867
42.912018868,42,912018868
42.962018868,42,962018868
43.012018869,43,12018869
43.06201887,43,62018870
43.06201887,43,112018871
43.162018871,43,162018871
43.212018872,43,212018872
43.262018873,43,262018873
43.262018873,43,312018874
43.312018874,43,362018874
43.412018875,43,412018875
43.462018876,43,462018876
43.512018877,43,512018877
43.512018877,43,562018877
43.612018878,43,612018878
43.662018879,43,662018879
43.71201888,43,712018880
43.76201888,43,762018880
43.812018881,43,812018881
43.812018881,43,862018882
43.912018883,43,912018883
43.962018883,43,962018883
44.012018884,44,12018884
44.062018885,44,62018885
44.112018886,44,112018886
44.162018886,44,162018886
44.212018887,44,212018887
44.262018888,44,262018888
44.312018889,44,312018889
44.362018889,44,362018889
44.41201889,44,412018890
44.41201889,44,462018891
44.512018891,44,512018891
44.562018892,44,562018892
44.612018893,44,612018893
44.662018894,44,662018894
44.712018894,44,712018894
44.762018895,44,762018895
44.812018896,44,812018896
44.862018897,44,862018897
44.912018897,44,912018897
44.962018898,44,962018898
45.012018899,45,12018899
45.0620189,45,62018900
45.1120189,45,112018900
45.162018901,45,162018901
45.212018902,45,212018902
45.262018903,45,262018903
45.312018903,45,312018903
45.362018904,45,362018904
45.412018905,45,412018905
45.462018906,45,462018906
45.512018906,45,512018906
45.562018907,45,562018907
45.612018908,45,612018908
45.662018909,45,662018909
45.712018909,45,712018909
45.76201891,45,762018910
45.76201891,45,812018911
45.862018912,45,862018912
45.912018912,45,912018912
45.962018913,45,962018913
46.012018914,46,12018914
46.062018915,46,62018915
46.112018915,46,112018915
46.162018916,46,162018916
46.212018917,46,212018917
46.262018918,46,262018918
46.312018918,46,312018918
46.362018919,46,362018919
46.41201892,46,412018920
46.462018921,46,462018921
46.512018921,46,512018921
46.562018922,46,562018922
46.612018923,46,612018923
46.662018924,46,662018924
46.662018924,46,712018924
46.762018925,46,762018925
46.762018925,46,812018926
46.862018927,46,862018927
46.912018927,46,912018927
46.962018928,46,962018928
47.012018929,47,12018929
47.062018929,47,62018929
47.062018929,47,112018930
47.162018931,47,162018931
47.212018932,47,212018932
47.262018932,47,262018932
47.312018933,47,312018933
47.362018934,47,362018934
47.412018935,47,412018935
47.462018935,47,462018935
47.512018936,47,512018936
47.562018937,47,562018937
47.612018938,47,612018938
47.662018938,47,662018938
47.712018939000004,47,712018939
47.76201894,47,762018940
47.812018941,47,812018941
47.862018941,47,862018941
47.912018942,47,912018942
47.962018943,47,962018943
48.012018944,48,12018944
48.062018944,48,62018944
48.112018945,48,112018945
48.162018946,48,162018946
48.212018947,48,212018947
48.262018947,48,262018947
48.312018948,48,312018948
48.362018949,48,362018949
48.41201895,48,412018950
48.46201895,48,462018950
48.512018951,48,512018951
48.562018952,48,562018952
48.612018953,48,612018953
48.662018953,48,662018953
48.712018954,48,712018954
48.712018954,48,762018955
48.812018956,48,812018956
48.862018956,48,862018956
48.912018957,48,912018957
48.962018958,48,962018958
49.012018959,49,12018959
49.062018959,49,62018959
49.11201896,49,112018960
49.162018961,49,162018961
49.212018962,49,212018962
49.262018962,49,262018962
49.312018963,49,312018963
49.362018964,49,362018964
49.412018964,49,412018964
49.462018965,49,462018965
49.512018966,49,512018966
49.562018967,49,562018967
49.612018967,49,612018967
49.662018968,49,662018968
49.712018969,49,712018969
49.76201897,49,762018970
49.81201897,49,812018970
49.862018971,49,862018971
49.912018972,49,912018972
49.912018972,49,962018973
50.012018973,50,12018973
50.062018974,50,62018974
50.112018975,50,112018975
50.162018976,50,162018976
50.212018976,50,212018976
50.262018977,50,262018977
50.312018978,50,312018978
50.362018979,50,362018979
50.412018979,50,412018979
50.46201898,50,462018980
50.512018981,50,512018981
50.562018982,50,562018982
50.612018982,50,612018982
50.662018983,50,662018983
50.712018984,50,712018984
50.712018984,50,762018985
50.762018985,50,812018985
50.862018986,50,862018986
50.912018987,50,912018987
50.962018988,50,962018988
51.012018988,51,12018988
51.062018989,51,62018989
51.11201899,51,112018990
51.162018991,51,162018991
51.212018991,51,212018991
51.262018992,51,262018992
51.312018993,51,312018993
51.362018994,51,362018994
51.412018994,51,412018994
51.412018994,51,462018995
51.512018996,51,512018996
51.562018997,51,562018997
51.612018997,51,612018997
51.662018998,51,662018998
51.712018999,51,712018999
51.762019,51,762019000
51.812019,51,812019000
51.862019001,51,862019001
51.912019002,51,912019002
51.962019002,51,962019002
52.012019003,52,12019003
52.062019004,52,62019004
52.112019005,52,112019005
52.112019005,52,162019005
52.212019006,52,212019006
52.262019007,52,262019007
52.312019008,52,312019008
52.362019008,52,362019008
52.362019008,52,412019009
52.46201901,52,462019010
52.512019011,52,512019011
52.562019011,52,562019011
52.612019012,52,612019012
52.662019013,52,662019013
52.712019014,52,712019014
52.762019014,52,762019014
52.812019015,52,812019015
52.862019016,52,862019016
52.862019016,52,912019017
52.962019017,52,962019017
53.012019018,53,12019018
53.062019019,53,62019019
53.11201902,53,112019020
53.16201902,53,162019020
53.212019021,53,212019021
53.262019022,53,262019022
53.312019023,53,312019023
53.362019023,53,362019023
53.412019024,53,412019024
53.462019025000004,53,462019025
53.512019026,53,512019026
53.562019026,53,562019026
53.612019027,53,612019027
53.662019028,53,662019028
53.712019029,53,712019029
53.762019029,53,762019029
53.81201903,53,812019030
53.862019031,53,862019031
53.912019032,53,912019032
53.962019032,53,962019032
54.012019033,54,12019033
54.062019034,54,62019034
54.062019034,54,112019035
54.162019035,54,162019035
54.162019035,54,212019036
54.262019037,54,262019037
54.312019038,54,312019038
54.362019038,54,362019038
54.412019039,54,412019039
54.46201904,54,462019040
54.51201904,54,512019040
54.562019041,54,562019041
54.612019042,54,612019042
54.662019043,54,662019043
54.712019043,54,712019043
54.762019044,54,762019044
54.812019045,54,812019045
54.862019046,54,862019046
54.912019046,54,912019046
54.912019046,54,962019047
54.962019047,55,12019048
55.062019049,55,62019049
55.112019049,55,112019049
55.16201905,55,162019050
55.212019051,55,212019051
55.262019052,55,262019052
55.312019052,55,312019052
55.362019053,55,362019053
55.412019054,55,412019054
55.462019055,55,462019055
55.512019055,55,512019055
55.562019056,55,562019056
55.612019057,55,612019057
55.662019058,55,662019058
55.712019058,55,712019058
55.762019058999996,55,762019059
55.81201906,55,812019060
55.862019061,55,862019061
55.912019061,55,912019061
55.962019062,55,962019062
56.012019063,56,12019063
56.062019064,56,62019064
56.112019064,56,112019064
56.112019064,56,162019065
56.212019066,56,212019066
56.262019067,56,262019067
56.312019067,56,312019067
56.362019068,56,362019068
56.412019069,56,412019069
56.46201907,56,462019070
56.46201907,56,512019070
56.562019071,56,562019071
56.612019072,56,612019072
56.662019073,56,662019073
56.712019073,56,712019073
56.762019074,56,762019074
56.812019075,56,812019075
56.862019076,56,862019076
56.912019076,56,912019076
56.912019076,56,962019077
57.012019078,57,12019078
57.062019078,57,62019078
57.062019078,57,112019079
57.16201908,57,162019080
57.212019081,57,212019081
57.262019081,57,262019081
57.312019082,57,312019082
57.312019082,57,362019083
57.412019084,57,412019084
57.412019084,57,462019084
57.512019085,57,512019085
57.562019086,57,562019086
57.612019087,57,612019087
57.612019087,57,662019087
57.712019088,57,712019088
57.762019089,57,762019089
57.81201909,57,812019090
57.86201909,57,862019090
57.912019091,57,912019091
57.962019092,57,962019092
58.012019093,58,12019093
58.062019093,58,62019093
58.112019094,58,112019094
58.162019095,58,162019095
58.212019096,58,212019096
58.262019096,58,262019096
58.312019097,58,312019097
58.362019098,58,362019098
58.412019099,58,412019099
58.462019099,58,462019099
58.5120191,58,512019100
58.562019101,58,562019101
58.612019102,58,612019102
58.662019102,58,662019102
58.712019103,58,712019103
58.762019104,58,762019104
58.812019105,58,812019105
58.862019105,58,862019105
58.912019106,58,912019106
58.962019107,58,962019107
59.012019108,59,12019108
59.062019108,59,62019108
59.112019109,59,112019109
59.16201911,59,162019110
59.212019111,59,212019111
59.262019111,59,262019111
59.312019112,59,312019112
59.362019113,59,362019113
59.412019114,59,412019114
59.462019114,59,462019114
59.512019115,59,512019115
59.562019116,59,562019116
59.612019116,59,612019116
59.662019117,59,662019117
59.712019118,59,712019118
59.712019118,59,762019119
59.762019119,59,812019119
59.812019119,59,862019120
59.86201912,59,912019121
59.962019122,59,962019122
60.012019122,60,12019122
60.062019123,60,62019123
60.112019124,60,112019124
60.162019125,60,162019125
60.212019125,60,212019125
60.262019126,60,262019126
60.312019127,60,312019127
60.362019128,60,362019128
60.412019128,60,412019128
60.462019129,60,462019129
60.51201913,60,512019130
60.562019131,60,562019131
60.562019131,60,612019131
60.662019132,60,662019132
60.712019133,60,712019133
60.762019134,60,762019134
60.812019134,60,812019134
60.862019135,60,862019135
60.912019136,60,912019136
60.962019137,60,962019137
61.012019137,61,12019137
61.062019138,61,62019138
61.112019139,61,112019139
61.16201914,61,162019140
61.21201914,61,212019140
61.262019141,61,262019141
61.312019142,61,312019142
61.362019143,61,362019143
61.412019143,61,412019143
61.462019144,61,462019144
61.512019145,61,512019145
61.562019146,61,562019146
61.612019146,61,612019146
61.662019147,61,662019147
61.712019148,61,712019148
61.762019149,61,762019149
61.812019149,61,812019149
61.86201915,61,862019150
61.912019151,61,912019151
61.962019152,61,962019152
62.012019152,62,12019152
62.062019153,62,62019153
62.112019154,62,112019154
62.162019154,62,162019154
62.212019155,62,212019155
62.262019156,62,262019156
62.312019157,62,312019157
62.362019157,62,362019157
62.412019158,62,412019158
62.462019159,62,462019159
62.51201916,62,512019160
62.56201916,62,562019160
62.612019161,62,612019161
62.662019162,62,662019162
62.712019163,62,712019163
62.762019163,62,762019163
62.812019164,62,812019164
62.862019165,62,862019165
62.912019166,62,912019166
62.962019166,62,962019166
63.012019167,63,12019167
63.062019168,63,62019168
63.112019169,63,112019169
63.162019169,63,162019169
63.21201917,63,212019170
63.262019171,63,262019171
63.312019172,63,312019172
63.362019172,63,362019172
63.412019173,63,412019173
63.462019174,63,462019174
63.512019175,63,512019175
63.562019175,63,562019175
63.612019176,63,612019176
63.662019177,63,662019177
63.712019178,63,712019178
63.762019178,63,762019178
63.812019179,63,812019179
63.86201918,63,862019180
63.912019181,63,912019181
63.962019181,63,962019181
64.012019182,64,12019182
64.062019183,64,62019183
64.112019184,64,112019184
64.162019184,64,162019184
64.212019185,64,212019185
64.262019186,64,262019186
64.312019187,64,312019187
64.362019187,64,362019187
64.412019188,64,412019188
64.462019189,64,462019189
64.51201919,64,512019190
64.56201919,64,562019190
64.612019191,64,612019191
64.662019192,64,662019192
64.712019192,64,712019192
64.762019193,64,762019193
64.812019194,64,812019194
64.862019195,64,862019195
64.912019195,64,912019195
64.962019196,64,962019196
65.012019197,65,12019197
65.062019198,65,62019198
65.112019198,65,112019198
65.162019199,65,162019199
65.2120192,65,212019200
65.262019201,65,262019201
65.312019201,65,312019201
65.362019202,65,362019202
65.412019203,65,412019203
65.412019203,65,462019204
65.512019204,65,512019204
65.562019205,65,562019205
65.612019206,65,612019206
65.662019207,65,662019207
65.712019207,65,712019207
65.762019208,65,762019208
65.812019209,65,812019209
65.86201921,65,862019210
65.91201921,65,912019210
65.962019211,65,962019211
66.012019212,66,12019212
66.062019213,66,62019213
66.112019213,66,112019213
66.162019214,66,162019214
66.212019215,66,212019215
66.262019216,66,262019216
66.312019216,66,312019216
66.362019217,66,362019217
66.412019218,66,412019218
66.462019219,66,462019219
66.512019219,66,512019219
66.56201922,66,562019220
66.612019221,66,612019221
66.662019222,66,662019222
66.712019222,66,712019222
66.762019223,66,762019223
66.812019224,66,812019224
66.862019225,66,862019225
66.912019225,66,912019225
66.962019226,66,962019226
66.962019226,67,12019227
67.062019228,67,62019228
67.112019228,67,112019228
67.162019229,67,162019229
67.21201923,67,212019230
67.26201923,67,262019230
67.312019231,67,312019231
67.312019231,67,362019232
67.412019233,67,412019233
67.462019233,67,462019233
67.512019234,67,512019234
67.562019235,67,562019235
67.612019236,67,612019236
67.662019236,67,662019236
67.712019237,67,712019237
67.762019238,67,762019238
67.812019239,67,812019239
67.862019239,67,862019239
67.91201924,67,912019240
67.962019241,67,962019241
68.012019242,68,12019242
68.062019242,68,62019242
68.112019243,68,112019243
68.162019244,68,162019244
68.212019245,68,212019245
68.212019245,68,262019245
68.312019246,68,312019246
68.362019247,68,362019247
68.41201924800001,68,412019248
68.41201924800001,68,462019248
68.512019249,68,512019249
68.56201925,68,562019250
68.612019251,68,612019251
68.662019251,68,662019251
68.712019252,68,712019252
68.762019253,68,762019253
68.812019254,68,812019254
68.862019254,68,862019254
68.862019254,68,912019255
68.962019256,68,962019256
69.012019257,69,12019257
69.062019257,69,62019257
69.112019258,69,112019258
69.162019259,69,162019259
69.21201926,69,212019260
69.26201926,69,262019260
69.312019261,69,312019261
69.362019262,69,362019262
69.412019263,69,412019263
69.462019263,69,462019263
69.512019264,69,512019264
69.562019265,69,562019265
69.612019266,69,612019266
69.662019266,69,662019266
69.662019266,69,712019267
69.762019268,69,762019268
69.812019268,69,812019268
69.862019269,69,862019269
69.91201927,69,912019270
69.962019271,69,962019271
69.962019271,70,12019271
70.062019272,70,62019272
70.112019273,70,112019273
70.162019274,70,162019274
70.212019274,70,212019274
70.262019275,70,262019275
70.312019276,70,312019276
70.362019277,70,362019277
70.412019277,70,412019277
70.462019278,70,462019278
70.512019279,70,512019279
70.56201928,70,562019280
70.61201928,70,612019280
70.662019281,70,662019281
70.712019282,70,712019282
70.762019283,70,762019283
70.812019283,70,812019283
70.862019284,70,862019284
70.912019285,70,912019285
70.962019286,70,962019286
71.012019286,71,12019286
71.062019287,71,62019287
71.112019288,71,112019288
71.162019289,71,162019289
71.212019289,71,212019289
71.26201929,71,262019290
71.312019291,71,312019291
71.362019292,71,362019292
71.412019292,71,412019292
71.462019293,71,462019293
71.512019294,71,512019294
71.562019295,71,562019295
71.612019295,71,612019295
71.662019296,71,662019296
71.712019297,71,712019297
71.762019298,71,762019298
71.812019298,71,812019298
71.862019299,71,862019299
71.9120193,71,912019300
71.962019301,71,962019301
72.012019301,72,12019301
72.062019302,72,62019302
72.112019303,72,112019303
72.162019303,72,162019303
72.212019304,72,212019304
72.262019305,72,262019305
72.312019306,72,312019306
72.362019306,72,362019306
72.412019307,72,412019307
72.462019308,72,462019308
72.512019309,72,512019309
72.562019309,72,562019309
72.61201931,72,612019310
72.662019311,72,662019311
72.712019312,72,712019312
72.762019312,72,762019312
72.762019312,72,812019313
72.862019314,72,862019314
72.862019314,72,912019315
72.962019315,72,962019315
72.962019315,73,12019316
73.062019317,73,62019317
73.112019318,73,112019318
73.162019318,73,162019318
73.212019319,73,212019319
73.26201932,73,262019320
73.312019321,73,312019321
73.362019321,73,362019321
73.412019322,73,412019322
73.462019323,73,462019323
73.512019324,73,512019324
73.562019324,73,562019324
73.612019325,73,612019325
73.662019326,73,662019326
73.712019327,73,712019327
73.762019327,73,762019327
73.812019328,73,812019328
73.862019329,73,862019329
73.91201933,73,912019330
73.96201933,73,962019330
74.012019331,74,12019331
74.062019332,74,62019332
74.112019333,74,112019333
74.162019333,74,162019333
74.212019334,74,212019334
74.262019335,74,262019335
74.312019336,74,312019336
74.362019336,74,362019336
74.362019336,74,412019337
74.462019338,74,462019338
74.512019339,74,512019339
74.562019339,74,562019339
74.61201934,74,612019340
74.662019341,74,662019341
74.712019341,74,712019341
74.762019342,74,762019342
74.812019343,74,812019343
74.862019344,74,862019344
74.862019344,74,912019344
74.912019344,74,962019345
75.012019346,75,12019346
75.062019347,75,62019347
75.112019347,75,112019347
75.162019348,75,162019348
75.212019349,75,212019349
75.26201935,75,262019350
75.31201935,75,312019350
75.362019351,75,362019351
75.412019352,75,412019352
75.462019353,75,462019353
75.512019353,75,512019353
75.562019354,75,562019354
75.612019355,75,612019355
75.662019356,75,662019356
75.712019356,75,712019356
75.762019357,75,762019357
75.812019358,75,812019358
75.862019359,75,862019359
75.912019359,75,912019359
75.96201936,75,962019360
76.012019361,76,12019361
76.062019362,76,62019362
76.112019362,76,112019362
76.162019363,76,162019363
76.212019364,76,212019364
76.262019365,76,262019365
76.262019365,76,312019365
76.362019366,76,362019366
76.412019367,76,412019367
76.462019368,76,462019368
76.512019368,76,512019368
76.562019369,76,562019369
76.61201937,76,612019370
76.662019371,76,662019371
76.712019371,76,712019371
76.762019372,76,762019372
76.812019373,76,812019373
76.862019374,76,862019374
76.912019374,76,912019374
76.912019374,76,962019375
77.012019376,77,12019376
77.062019377,77,62019377
77.112019377,77,112019377
77.162019378,77,162019378
77.212019379,77,212019379
77.262019379,77,262019379
77.262019379,77,312019380
77.362019381,77,362019381
77.412019382,77,412019382
77.462019382,77,462019382
77.512019383,77,512019383
77.562019384,77,562019384
77.612019385,77,612019385
77.662019385,77,662019385
77.712019386,77,712019386
77.762019387,77,762019387
77.812019388,77,812019388
77.862019388,77,862019388
77.912019389,77,912019389
77.96201939,77,962019390
78.012019391,78,12019391
78.062019391,78,62019391
78.112019392,78,112019392
78.162019393,78,162019393
78.212019394,78,212019394
78.262019394,78,262019394
78.312019395,78,312019395
78.362019396,78,362019396
78.412019397,78,412019397
78.462019397,78,462019397
78.512019398,78,512019398
78.562019399,78,562019399
78.6120194,78,612019400
78.6620194,78,662019400
78.712019401,78,712019401
78.762019402,78,762019402
78.812019403,78,812019403
78.812019403,78,862019403
78.912019404,78,912019404
78.962019405,78,962019405
79.012019406,79,12019406
79.062019406,79,62019406
79.112019407,79,112019407
79.112019407,79,162019408
79.212019409,79,212019409
79.262019409,79,262019409
79.31201941,79,312019410
79.362019411,79,362019411
79.412019412,79,412019412
79.462019412,79,462019412
79.512019413,79,512019413
79.562019414,79,562019414
79.612019415,79,612019415
79.662019415,79,662019415
79.712019416,79,712019416
79.762019417,79,762019417
79.812019417,79,812019417
79.862019418,79,862019418
79.912019419,79,912019419
79.96201942,79,962019420
80.01201942,80,12019420
80.062019421,80,62019421
80.112019422,80,112019422
80.162019423,80,162019423
80.212019423,80,212019423
80.212019423,80,262019424
80.312019425,80,312019425
80.362019426,80,362019426
80.412019426,80,412019426
80.462019427,80,462019427
80.512019428,80,512019428
80.562019429,80,562019429
80.612019429,80,612019429
80.66201943,80,662019430
80.712019431,80,712019431
80.762019432,80,762019432
80.812019432,80,812019432
80.862019433,80,862019433
80.912019434,80,912019434
80.962019435,80,962019435
81.012019435,81,12019435
81.062019436,81,62019436
81.112019437,81,112019437
81.162019438,81,162019438
81.212019438,81,212019438
81.262019439,81,262019439
81.31201944,81,312019440
81.362019441,81,362019441
81.412019441,81,412019441
81.412019441,81,462019442
81.512019443,81,512019443
81.512019443,81,562019444
81.612019444,81,612019444
81.662019445,81,662019445
81.662019445,81,712019446
81.762019447,81,762019447
81.812019447,81,812019447
81.862019448,81,862019448
81.912019449,81,912019449
81.96201945,81,962019450
82.01201945,82,12019450
82.062019451,82,62019451
82.112019452,82,112019452
82.162019453,82,162019453
82.212019453,82,212019453
82.262019454,82,262019454
82.312019455,82,312019455
82.312019455,82,362019455
82.412019456,82,412019456
82.462019457,82,462019457
82.512019458,82,512019458
82.562019458,82,562019458
82.612019459,82,612019459
82.66201946,82,662019460
82.712019461,82,712019461
82.762019461,82,762019461
82.812019462,82,812019462
82.862019463,82,862019463
82.912019464,82,912019464
82.962019464,82,962019464
83.012019465,83,12019465
83.062019466,83,62019466
83.112019467,83,112019467
83.162019467,83,162019467
83.212019468,83,212019468
83.262019469,83,262019469
83.262019469,83,312019470
83.36201947,83,362019470
83.412019471,83,412019471
83.462019472,83,462019472
83.512019473,83,512019473
83.562019473,83,562019473
83.612019474,83,612019474
83.662019475,83,662019475
83.712019476,83,712019476
83.762019476,83,762019476
83.812019477,83,812019477
83.862019478,83,862019478
83.912019479,83,912019479
83.962019479,83,962019479
84.01201948,84,12019480
84.062019481,84,62019481
84.112019482,84,112019482
84.162019482,84,162019482
84.212019483,84,212019483
84.262019484,84,262019484
84.312019485,84,312019485
84.362019485,84,362019485
84.412019486,84,412019486
84.412019486,84,462019487
84.512019488,84,512019488
84.562019488,84,562019488
84.612019489,84,612019489
84.66201949,84,662019490
84.712019491,84,712019491
84.762019491,84,762019491
84.812019492,84,812019492
84.862019493,84,862019493
84.912019493,84,912019493
84.912019493,84,962019494
84.962019494,85,12019495
85.062019496,85,62019496
85.112019496,85,112019496
85.162019497,85,162019497
85.212019498,85,212019498
85.262019499,85,262019499
85.262019499,85,312019499
85.3620195,85,362019500
85.412019501,85,412019501
85.462019502,85,462019502
85.512019502,85,512019502
85.562019503,85,562019503
85.612019504,85,612019504
85.662019505,85,662019505
85.662019505,85,712019505
85.712019505,85,762019506
85.812019507,85,812019507
85.862019508,85,862019508
85.912019508,85,912019508
85.912019508,85,962019509
86.01201951,86,12019510
86.01201951,86,62019511
86.112019511,86,112019511
86.162019512,86,162019512
86.212019513,86,212019513
86.262019514,86,262019514
86.312019514,86,312019514
86.362019515,86,362019515
86.412019516,86,412019516
86.462019517,86,462019517
86.512019517,86,512019517
86.562019518,86,562019518
86.612019519,86,612019519
86.66201952,86,662019520
86.71201952,86,712019520
86.762019521,86,762019521
86.812019522,86,812019522
86.862019523,86,862019523
86.912019523,86,912019523
86.962019524,86,962019524
87.012019525,87,12019525
87.062019526,87,62019526
87.112019526,87,112019526
87.162019527,87,162019527
87.212019528,87,212019528
87.212019528,87,262019529
87.312019529,87,312019529
87.36201953,87,362019530
87.412019531,87,412019531
87.462019531,87,462019531
87.512019532,87,512019532
87.562019533,87,562019533
87.612019534,87,612019534
87.662019534,87,662019534
87.662019534,87,712019535
87.762019536,87,762019536
87.812019537,87,812019537
87.862019537,87,862019537
87.912019538,87,912019538
87.962019539,87,962019539
88.01201954,88,12019540
88.06201954,88,62019540
88.112019541,88,112019541
88.162019542,88,162019542
88.162019542,88,212019543
88.262019543,88,262019543
88.312019544,88,312019544
88.362019545,88,362019545
88.412019546,88,412019546
88.462019546,88,462019546
88.462019546,88,512019547
88.562019548,88,562019548
88.612019549,88,612019549
88.612019549,88,662019549
88.66201954900001,88,712019550
88.762019551,88,762019551
88.812019552,88,812019552
88.862019552,88,862019552
88.912019553,88,912019553
88.962019554,88,962019554
89.012019555,89,12019555
89.062019555,89,62019555
89.112019556,89,112019556
89.162019557,89,162019557
89.212019558,89,212019558
89.262019558,89,262019558
89.312019559,89,312019559
89.36201956,89,362019560
89.412019561,89,412019561
89.462019561,89,462019561
89.512019562,89,512019562
89.562019563,89,562019563
89.612019564,89,612019564
89.662019564,89,662019564
89.712019565,89,712019565
89.762019566,89,762019566
89.812019567,89,812019567
89.862019567,89,862019567
89.912019568,89,912019568
89.962019569,89,962019569
90.012019569,90,12019569
90.06201957,90,62019570
90.112019571,90,112019571
90.162019572,90,162019572
90.212019572,90,212019572
90.262019573,90,262019573
90.312019574,90,312019574
90.362019575,90,362019575
90.412019575,90,412019575
90.462019576,90,462019576
90.512019577,90,512019577
90.562019578,90,562019578
90.612019578,90,612019578
90.662019579,90,662019579
90.71201958,90,712019580
90.762019581,90,762019581
90.812019581,90,812019581
90.862019582,90,862019582
90.912019583,90,912019583
90.962019584,90,962019584
91.012019584,91,12019584
91.062019585,91,62019585
91.112019586,91,112019586
91.162019587,91,162019587
91.212019587,91,212019587
91.262019588,91,262019588
91.312019589,91,312019589
91.36201959,91,362019590
91.36201959,91,412019590
91.41201959,91,462019591
91.512019592,91,512019592
91.562019593,91,562019593
91.612019593,91,612019593
91.662019594,91,662019594
91.712019595,91,712019595
91.762019596,91,762019596
91.812019596,91,812019596
91.862019597,91,862019597
91.912019598,91,912019598
91.912019598,91,962019599
92.012019599,92,12019599
92.0620196,92,62019600
92.112019601,92,112019601
92.162019602,92,162019602
92.212019602,92,212019602
92.262019603,92,262019603
92.312019604,92,312019604
92.362019605,92,362019605
92.362019605,92,412019605
92.462019606,92,462019606
92.462019606,92,512019607
92.562019607,92,562019607
92.612019608,92,612019608
92.662019609,92,662019609
92.71201961,92,712019610
92.76201961,92,762019610
92.812019611,92,812019611
92.862019612,92,862019612
92.912019613,92,912019613
92.962019613,92,962019613
93.012019614,93,12019614
93.062019615,93,62019615
93.112019616,93,112019616
93.162019616,93,162019616
93.212019617,93,212019617
93.262019618,93,262019618
93.312019619,93,312019619
93.312019619,93,362019619
93.41201962,93,412019620
93.462019621,93,462019621
93.462019621,93,512019622
93.562019622,93,562019622
93.612019623,93,612019623
93.662019624,93,662019624
93.712019625,93,712019625
93.762019625,93,762019625
93.812019626,93,812019626
93.862019627,93,862019627
93.912019628,93,912019628
93.962019628,93,962019628
94.012019629,94,12019629
94.06201963,94,62019630
94.112019631,94,112019631
94.162019631,94,162019631
94.212019632,94,212019632
94.262019633,94,262019633
94.312019634,94,312019634
94.362019634,94,362019634
94.41201963500001,94,412019635
94.41201963500001,94,462019636
94.512019637,94,512019637
94.562019637,94,562019637
94.612019638,94,612019638
94.662019639,94,662019639
94.71201964,94,712019640
94.76201964,94,762019640
94.812019641,94,812019641
94.812019641,94,862019642
94.912019643,94,912019643
94.962019643,94,962019643
95.012019644,95,12019644
95.062019645,95,62019645
95.112019645,95,112019645
95.162019646,95,162019646
95.212019647,95,212019647
95.212019647,95,262019648
95.262019648,95,312019648
95.362019649,95,362019649
95.362019649,95,412019650
95.462019651,95,462019651
95.512019651,95,512019651
95.562019652,95,562019652
95.612019653,95,612019653
95.662019654,95,662019654
95.662019654,95,712019654
95.762019655,95,762019655
95.762019655,95,812019656
95.812019656,95,862019657
95.912019657,95,912019657
95.962019658,95,962019658
95.962019658,96,12019659
96.06201966,96,62019660
96.11201966,96,112019660
96.162019661,96,162019661
96.212019662,96,212019662
96.262019663,96,262019663
96.312019663,96,312019663
96.362019664,96,362019664
96.412019665,96,412019665
96.462019666,96,462019666
96.512019666,96,512019666
96.562019667,96,562019667
96.612019668,96,612019668
96.662019669,96,662019669
96.712019669,96,712019669
96.76201967,96,762019670
96.812019671,96,812019671
96.862019672,96,862019672
96.912019672,96,912019672
96.962019673,96,962019673
96.962019673,97,12019674
97.062019675,97,62019675
97.112019675,97,112019675
97.162019676,97,162019676
97.162019676,97,212019677
97.262019678,97,262019678
97.312019678,97,312019678
97.362019679,97,362019679
97.41201968,97,412019680
97.41201968,97,462019680
97.512019681,97,512019681
97.562019682,97,562019682
97.612019683,97,612019683
97.662019683,97,662019683
97.712019684,97,712019684
97.762019685,97,762019685
97.812019686,97,812019686
97.862019686,97,862019686
97.912019687,97,912019687
97.962019688,97,962019688
98.012019689,98,12019689
98.012019689,98,62019689
98.11201969,98,112019690
98.162019691,98,162019691
98.162019691,98,212019692
98.212019692,98,262019692
98.312019693,98,312019693
98.362019694,98,362019694
98.412019695,98,412019695
98.462019695,98,462019695
98.512019696,98,512019696
98.562019697,98,562019697
98.612019698,98,612019698
98.662019698,98,662019698
98.712019699,98,712019699
98.7620197,98,762019700
98.812019701,98,812019701
98.862019701,98,862019701
98.912019702,98,912019702
98.962019703,98,962019703
99.012019704,99,12019704
99.062019704,99,62019704
99.112019705,99,112019705
99.162019706,99,162019706
99.212019707,99,212019707
99.262019707,99,262019707
99.312019708,99,312019708
99.362019709,99,362019709
99.41201971,99,412019710
99.46201971,99,462019710
99.512019711,99,512019711
99.512019711,99,562019712
99.612019713,99,612019713
99.662019713,99,662019713
99.712019714,99,712019714
99.762019715,99,762019715
99.812019716,99,812019716
99.862019716,99,862019716
99.912019717,99,912019717
99.962019718,99,962019718
100.012019718,100,12019718
100.062019719,100,62019719
100.11201972,100,112019720
100.162019721,100,162019721
100.212019721,100,212019721
100.212019721,100,262019722
100.312019723,100,312019723
100.362019724,100,362019724
100.412019724,100,412019724
100.462019725,100,462019725
100.512019726,100,512019726
100.562019727,100,562019727
100.612019727,100,612019727
100.662019728,100,662019728
100.712019729,100,712019729
100.76201973,100,762019730
100.81201973,100,812019730
100.862019731,100,862019731
100.862019731,100,912019732
100.962019733,100,962019733
101.012019733,101,12019733
101.062019734,101,62019734
101.112019735,101,112019735
101.162019736,101,162019736
101.212019736,101,212019736
101.262019737,101,262019737
101.312019738,101,312019738
101.312019738,101,362019739
101.412019739,101,412019739
101.412019739,101,462019740
101.512019741,101,512019741
101.562019742,101,562019742
101.612019742,101,612019742
101.662019743,101,662019743
101.712019744,101,712019744
101.762019745,101,762019745
101.762019745,101,812019745
101.862019746,101,862019746
101.912019747,101,912019747
101.962019748,101,962019748
101.962019748,102,12019748
102.062019749,102,62019749
102.11201975,102,112019750
102.162019751,102,162019751
102.212019751,102,212019751
102.262019752,102,262019752
102.312019753,102,312019753
102.312019753,102,362019754
102.362019754,102,412019754
102.462019755,102,462019755
102.512019756,102,512019756
102.562019756,102,562019756
102.562019756,102,612019757
102.662019758,102,662019758
102.712019759,102,712019759
102.762019759,102,762019759
102.81201976,102,812019760
102.862019761,102,862019761
102.912019762,102,912019762
102.962019762,102,962019762
103.012019763,103,12019763
103.062019764,103,62019764
103.112019765,103,112019765
103.112019765,103,162019765
103.212019766,103,212019766
103.262019767,103,262019767
103.312019768,103,312019768
103.362019768,103,362019768
103.412019769,103,412019769
103.46201977,103,462019770
103.512019771,103,512019771
103.562019771,103,562019771
103.612019772,103,612019772
103.662019773,103,662019773
103.712019774,103,712019774
103.762019774,103,762019774
103.812019775,103,812019775
103.862019776,103,862019776
103.912019777,103,912019777
103.962019777,103,962019777
104.012019778,104,12019778
104.062019779,104,62019779
104.11201978,104,112019780
104.11201978,104,162019780
104.212019781,104,212019781
104.212019781,104,262019782
104.312019783,104,312019783
104.312019783,104,362019783
104.412019784,104,412019784
104.462019785,104,462019785
104.512019786,104,512019786
104.562019786,104,562019786
104.612019787,104,612019787
104.662019788,104,662019788
104.712019789,104,712019789
104.762019789,104,762019789
104.81201979,104,812019790
104.862019791,104,862019791
104.912019792,104,912019792
104.962019792,104,962019792
105.012019793,105,12019793
105.062019794,105,62019794
105.112019794,105,112019794
105.162019795,105,162019795
105.212019796,105,212019796
105.262019797,105,262019797
105.312019797,105,312019797
105.362019798,105,362019798
105.412019799,105,412019799
105.4620198,105,462019800
105.5120198,105,512019800
105.562019801,105,562019801
105.612019802,105,612019802
105.662019803,105,662019803
105.712019803,105,712019803
105.762019804,105,762019804
105.812019805,105,812019805
105.862019806,105,862019806
105.912019806,105,912019806
105.962019807,105,962019807
106.012019808,106,12019808
106.062019809,106,62019809
106.112019809,106,112019809
106.16201981,106,162019810
106.212019811,106,212019811
106.212019811,106,262019812
106.312019812,106,312019812
106.362019813,106,362019813
106.412019814,106,412019814
106.462019815,106,462019815
106.512019815,106,512019815
106.562019816,106,562019816
106.612019817,106,612019817
106.662019818,106,662019818
106.712019818,106,712019818
106.712019818,106,762019819
106.81201982,106,812019820
106.862019821,106,862019821
106.912019821,106,912019821
106.962019822,106,962019822
106.962019822,107,12019823
107.062019824,107,62019824
107.112019824,107,112019824
107.162019825,107,162019825
107.212019826,107,212019826
107.212019826,107,262019827
107.312019827,107,312019827
107.362019828,107,362019828
107.412019829,107,412019829
107.46201983,107,462019830
107.51201983,107,512019830
107.562019831,107,562019831
107.612019832,107,612019832
107.662019832,107,662019832
107.712019833,107,712019833
107.762019834,107,762019834
107.812019835,107,812019835
107.862019835,107,862019835
107.912019836,107,912019836
107.962019837,107,962019837
108.012019838,108,12019838
108.012019838,108,62019838
108.112019839,108,112019839
108.16201984,108,162019840
108.212019841,108,212019841
108.262019841,108,262019841
108.312019842,108,312019842
108.362019843,108,362019843
108.412019844,108,412019844
108.462019844,108,462019844
108.512019845,108,512019845
108.562019846,108,562019846
108.612019847,108,612019847
108.662019847,108,662019847
108.662019847,108,712019848
108.712019848,108,762019849
108.81201985,108,812019850
108.86201985,108,862019850
108.912019851,108,912019851
108.962019852,108,962019852
109.012019853,109,12019853
109.062019853,109,62019853
109.112019854,109,112019854
109.162019855,109,162019855
109.162019855,109,212019856
109.262019856,109,262019856
109.312019857,109,312019857
109.362019858,109,362019858
109.412019859,109,412019859
109.462019859,109,462019859
109.51201986,109,512019860
109.562019861,109,562019861
109.612019862,109,612019862
109.662019862,109,662019862
109.712019863,109,712019863
109.712019863,109,762019864
109.812019865,109,812019865
109.862019865,109,862019865
109.912019866,109,912019866
109.962019867,109,962019867
110.012019868,110,12019868
110.062019868,110,62019868
110.062019868,110,112019869
110.16201987,110,162019870
110.21201987,110,212019870
110.21201987,110,262019871
110.312019872,110,312019872
110.362019873,110,362019873
110.412019873,110,412019873
110.462019874,110,462019874
110.512019875,110,512019875
110.562019876,110,562019876
110.612019876,110,612019876
110.662019877,110,662019877
110.712019878,110,712019878
110.762019879,110,762019879
110.812019879,110,812019879
110.86201988,110,862019880
110.86201988,110,912019881
110.912019881,110,962019882
111.012019882,111,12019882
111.062019883,111,62019883
111.112019884,111,112019884
111.162019885,111,162019885
111.212019885,111,212019885
111.262019886,111,262019886
111.312019887,111,312019887
111.362019888,111,362019888
111.362019888,111,412019888
111.462019889,111,462019889
111.51201989,111,512019890
111.562019891,111,562019891
111.612019891,111,612019891
111.662019892,111,662019892
111.712019893,111,712019893
111.762019894,111,762019894
111.812019894,111,812019894
111.862019895,111,862019895
111.912019896,111,912019896
111.962019897,111,962019897
112.012019897,112,12019897
112.062019898,112,62019898
112.112019899,112,112019899
112.1620199,112,162019900
112.2120199,112,212019900
112.262019901,112,262019901
112.312019902,112,312019902
112.362019903,112,362019903
112.412019903,112,412019903
112.462019904,112,462019904
112.512019905,112,512019905
112.562019906,112,562019906
112.612019906,112,612019906
112.662019907,112,662019907
112.712019908,112,712019908
112.712019908,112,762019908
112.812019909,112,812019909
112.86201991,112,862019910
112.912019911,112,912019911
112.962019911,112,962019911
113.012019912,113,12019912
113.062019913,113,62019913
113.112019914,113,112019914
113.162019914,113,162019914
113.212019915,113,212019915
113.262019916,113,262019916
113.312019917,113,312019917
113.362019917,113,362019917
113.412019918,113,412019918
113.462019919,113,462019919
113.51201992,113,512019920
113.56201992,113,562019920
113.612019921,113,612019921
113.662019922,113,662019922
113.712019923,113,712019923
113.762019923,113,762019923
113.812019924,113,812019924
113.862019925,113,862019925
113.862019925,113,912019926
113.962019926,113,962019926
114.012019927,114,12019927
114.062019928,114,62019928
114.112019929,114,112019929
114.162019929,114,162019929
114.162019929,114,212019930
114.262019931,114,262019931
114.312019932,114,312019932
114.362019932,114,362019932
114.412019933,114,412019933
114.462019934,114,462019934
114.512019935,114,512019935
114.562019935,114,562019935
114.612019936,114,612019936
114.662019937,114,662019937
114.712019938,114,712019938
114.762019938,114,762019938
114.812019939,114,812019939
114.86201994,114,862019940
114.912019941,114,912019941
114.962019941,114,962019941
115.012019942,115,12019942
115.062019943,115,62019943
115.112019944,115,112019944
115.112019944,115,162019944
115.212019945,115,212019945
115.262019946,115,262019946
115.262019946,115,312019946
115.362019947,115,362019947
115.412019948,115,412019948
115.462019949,115,462019949
115.512019949,115,512019949
115.56201995,115,562019950
115.612019951,115,612019951
115.662019952,115,662019952
115.712019952,115,712019952
115.762019953,115,762019953
115.812019954,115,812019954
115.862019955,115,862019955
115.912019955,115,912019955
115.962019956,115,962019956
116.012019957,116,12019957
116.062019958,116,62019958
116.112019958,116,112019958
116.162019959,116,162019959
116.21201996,116,212019960
116.262019961,116,262019961
116.312019961,116,312019961
116.362019962,116,362019962
116.412019963,116,412019963
116.462019964,116,462019964
116.512019964,116,512019964
116.562019965,116,562019965
116.612019966,116,612019966
116.662019967,116,662019967
116.712019967,116,712019967
116.762019968,116,762019968
116.762019968,116,812019969
116.86201997,116,862019970
116.91201997,116,912019970
116.962019971,116,962019971
117.012019972,117,12019972
117.062019973,117,62019973
117.112019973,117,112019973
117.162019974,117,162019974
117.212019975,117,212019975
117.262019976,117,262019976
117.312019976,117,312019976
117.362019977,117,362019977
117.362019977,117,412019978
117.462019979,117,462019979
117.512019979,117,512019979
117.56201998,117,562019980
117.612019981,117,612019981
117.612019981,117,662019982
117.712019982,117,712019982
117.762019983,117,762019983
117.812019984,117,812019984
117.862019984,117,862019984
117.912019985,117,912019985
117.962019986,117,962019986
118.012019987,118,12019987
118.062019987,118,62019987
118.112019988,118,112019988
118.162019989,118,162019989
118.21201999,118,212019990
118.26201999,118,262019990
118.312019991,118,312019991
118.362019992,118,362019992
118.412019993,118,412019993
118.462019993,118,462019993
118.512019994,118,512019994
118.562019995,118,562019995
118.612019996,118,612019996
118.662019996,118,662019996
118.712019997,118,712019997
118.762019998,118,762019998
118.812019999,118,812019999
118.862019999,118,862019999
118.91202,118,912020000
118.962020001,118,962020001
119.012020002,119,12020002
119.062020002,119,62020002
119.112020003,119,112020003
119.162020004,119,162020004
119.212020005,119,212020005
119.262020005,119,262020005
119.312020006,119,312020006
119.362020007,119,362020007
119.412020008,119,412020008
119.462020008,119,462020008
119.512020009,119,512020009
119.56202001,119,562020010
119.612020011,119,612020011
119.662020011,119,662020011
119.712020012,119,712020012
119.762020013,119,762020013
119.812020014,119,812020014
119.862020014,119,862020014
119.912020015,119,912020015
119.962020016,119,962020016
120.012020017,120,12020017
120.062020017,120,62020017
120.112020018,120,112020018
120.162020019,120,162020019
120.21202002,120,212020020
120.26202002,120,262020020
120.312020021,120,312020021
120.362020022,120,362020022
120.362020022,120,412020022
120.462020023,120,462020023
120.512020024,120,512020024
120.562020025,120,562020025
120.612020025,120,612020025
120.662020026,120,662020026
120.712020027,120,712020027
120.762020028,120,762020028
120.812020028,120,812020028
120.862020029,120,862020029
120.91202003,120,912020030
120.962020031,120,962020031
121.012020031,121,12020031
121.062020032,121,62020032
121.112020033,121,112020033
121.162020034,121,162020034
121.212020034,121,212020034
121.262020035,121,262020035
121.312020036,121,312020036
121.362020037,121,362020037
121.412020037,121,412020037
121.462020038,121,462020038
121.512020039,121,512020039
121.56202004,121,562020040
121.56202004,121,612020040
121.662020041,121,662020041
121.712020042,121,712020042
121.762020043,121,762020043
121.812020043,121,812020043
121.862020044,121,862020044
121.912020045,121,912020045
121.962020046,121,962020046
122.012020046,122,12020046
122.062020047,122,62020047
122.062020047,122,112020048
122.112020048,122,162020049
122.162020049,122,212020049
122.212020049,122,262020050
122.26202005,122,312020051
122.362020052,122,362020052
122.412020052,122,412020052
122.462020053,122,462020053
122.512020054,122,512020054
122.562020055,122,562020055
122.562020055,122,612020055
122.662020056,122,662020056
122.712020057,122,712020057
122.762020057,122,762020057
122.812020058,122,812020058
122.862020059,122,862020059
122.91202006,122,912020060
122.96202006,122,962020060
123.012020061,123,12020061
123.062020062,123,62020062
123.112020063,123,112020063
123.112020063,123,162020063
123.212020064,123,212020064
123.262020065,123,262020065
123.312020066,123,312020066
123.362020066,123,362020066
123.412020067,123,412020067
123.462020068,123,462020068
123.512020069,123,512020069
123.562020069,123,562020069
123.61202007,123,612020070
123.61202007,123,662020071
123.712020072,123,712020072
123.762020072,123,762020072
123.812020073,123,812020073
123.862020074,123,862020074
123.912020075,123,912020075
123.912020075,123,962020075
124.012020076,124,12020076
124.012020076,124,62020077
124.112020078,124,112020078
124.162020078,124,162020078
124.212020079,124,212020079
124.26202008,124,262020080
124.312020081,124,312020081
124.362020081,124,362020081
124.412020082,124,412020082
124.462020083,124,462020083
124.462020083,124,512020084
124.562020084,124,562020084
124.612020085,124,612020085
124.662020086,124,662020086
124.712020087,124,712020087
124.712020087,124,762020087
124.812020088,124,812020088
124.862020089,124,862020089
124.91202009,124,912020090
124.96202009,124,962020090
125.012020091,125,12020091
125.062020092,125,62020092
125.112020093,125,112020093
125.162020093,125,162020093
125.212020094,125,212020094
125.262020095,125,262020095
125.312020095,125,312020095
125.362020096,125,362020096
125.412020097,125,412020097
125.462020098,125,462020098
125.512020098,125,512020098
125.562020099,125,562020099
125.6120201,125,612020100
125.662020101,125,662020101
125.712020101,125,712020101
125.762020102,125,762020102
125.812020103,125,812020103
125.862020104,125,862020104
125.912020104,125,912020104
125.962020105,125,962020105
126.012020106,126,12020106
126.062020107,126,62020107
126.112020107,126,112020107
126.162020108,126,162020108
126.212020109,126,212020109
126.26202011,126,262020110
126.31202011,126,312020110
126.362020111,126,362020111
126.412020112,126,412020112
126.462020113,126,462020113
126.512020113,126,512020113
126.562020114,126,562020114
126.612020115,126,612020115
126.662020116,126,662020116
126.712020116,126,712020116
126.762020117,126,762020117
126.812020118,126,812020118
126.862020119,126,862020119
126.912020119,126,912020119
126.96202012,126,962020120
127.012020121,127,12020121
127.062020122,127,62020122
127.112020122,127,112020122
127.162020123,127,162020123
127.212020124,127,212020124
127.262020125,127,262020125
127.312020125,127,312020125
127.312020125,127,362020126
127.412020127,127,412020127
127.462020128,127,462020128
127.512020128,127,512020128
127.562020129,127,562020129
127.61202013,127,612020130
127.662020131,127,662020131
127.712020131,127,712020131
127.762020132,127,762020132
127.812020133,127,812020133
127.862020133,127,862020133
127.862020133,127,912020134
127.962020135,127,962020135
128.012020136,128,12020136
128.062020136,128,62020136
128.112020137,128,112020137
128.162020138,128,162020138
128.212020139,128,212020139
128.262020139,128,262020139
128.31202014,128,312020140
128.362020141,128,362020141
128.412020142,128,412020142
128.462020142,128,462020142
128.512020143,128,512020143
128.562020144,128,562020144
128.612020145,128,612020145
128.662020145,128,662020145
128.712020146,128,712020146
128.762020147,128,762020147
128.812020148,128,812020148
128.862020148,128,862020148
128.912020149,128,912020149
128.912020149,128,962020150
129.012020151,129,12020151
129.062020151,129,62020151
129.112020152,129,112020152
129.112020152,129,162020153
129.212020154,129,212020154
129.262020154,129,262020154
129.312020155,129,312020155
129.362020156,129,362020156
129.412020157,129,412020157
129.462020157,129,462020157
129.512020158,129,512020158
129.512020158,129,562020159
129.61202016,129,612020160
129.66202016,129,662020160
129.712020161,129,712020161
129.762020162,129,762020162
129.812020163,129,812020163
129.862020163,129,862020163
129.862020163,129,912020164
129.962020165,129,962020165
129.962020165,130,12020166
130.012020166,130,62020166
130.112020167,130,112020167
130.162020168,130,162020168
130.162020168,130,212020169
130.262020169,130,262020169
130.31202017,130,312020170
130.362020171,130,362020171
130.362020171,130,412020171
130.462020172,130,462020172
130.512020173,130,512020173
130.562020174,130,562020174
130.612020174,130,612020174
130.662020175,130,662020175
130.712020176,130,712020176
130.762020177,130,762020177
130.812020177,130,812020177
130.862020178,130,862020178
130.862020178,130,912020179
130.96202018,130,962020180
131.01202018,131,12020180
131.062020181,131,62020181
131.112020182,131,112020182
131.162020183,131,162020183
131.212020183,131,212020183
131.262020184,131,262020184
131.312020185,131,312020185
131.362020186,131,362020186
131.412020186,131,412020186
131.462020187,131,462020187
131.512020188,131,512020188
131.562020189,131,562020189
131.612020189,131,612020189
131.66202019,131,662020190
131.712020191,131,712020191
131.762020192,131,762020192
131.812020192,131,812020192
131.862020193,131,862020193
131.862020193,131,912020194
131.962020195,131,962020195
132.012020195,132,12020195
132.062020196,132,62020196
132.112020197,132,112020197
132.162020198,132,162020198
132.212020198,132,212020198
132.262020199,132,262020199
132.3120202,132,312020200
132.362020201,132,362020201
132.412020201,132,412020201
132.462020202,132,462020202
132.512020203,132,512020203
132.512020203,132,562020204
132.562020204,132,612020204
132.662020205,132,662020205
132.712020206,132,712020206
132.712020206,132,762020207
132.812020207,132,812020207
132.862020208,132,862020208
132.912020209,132,912020209
132.962020209,132,962020209
132.962020209,133,12020210
133.062020211,133,62020211
133.062020211,133,112020212
133.162020212,133,162020212
133.212020213,133,212020213
133.262020214,133,262020214
133.312020215,133,312020215
133.362020215,133,362020215
133.412020216,133,412020216
133.462020217,133,462020217
133.512020218,133,512020218
133.562020218,133,562020218
133.562020218,133,612020219
133.66202022,133,662020220
133.712020221,133,712020221
133.762020221,133,762020221
133.762020221,133,812020222
133.862020223,133,862020223
133.912020224,133,912020224
133.962020224,133,962020224
134.012020225,134,12020225
134.012020225,134,62020226
134.112020227,134,112020227
134.162020227,134,162020227
134.212020228,134,212020228
134.262020229,134,262020229
134.31202023,134,312020230
134.36202023,134,362020230
134.412020231,134,412020231
134.462020232,134,462020232
134.512020233,134,512020233
134.562020233,134,562020233
134.612020234,134,612020234
134.662020235,134,662020235
134.712020236,134,712020236
134.762020236,134,762020236
134.812020237,134,812020237
134.862020238,134,862020238
134.912020239,134,912020239
134.962020239,134,962020239
135.01202024,135,12020240
135.062020241,135,62020241
135.112020242,135,112020242
135.162020242,135,162020242
135.212020243,135,212020243
135.262020244,135,262020244
135.312020245,135,312020245
135.362020245,135,362020245
135.412020246,135,412020246
135.462020247,135,462020247
135.512020247,135,512020247
135.562020248,135,562020248
135.612020249,135,612020249
135.66202025,135,662020250
135.71202025,135,712020250
135.762020251,135,762020251
135.812020252,135,812020252
135.862020253,135,862020253
135.912020253,135,912020253
135.962020254,135,962020254
135.962020254,136,12020255
136.062020256,136,62020256
136.062020256,136,112020256
136.162020257,136,162020257
136.212020258,136,212020258
136.262020259,136,262020259
136.262020259,136,312020259
136.36202026,136,362020260
136.412020261,136,412020261
136.462020262,136,462020262
136.512020262,136,512020262
136.562020263,136,562020263
136.612020264,136,612020264
136.662020265,136,662020265
136.712020265,136,712020265
136.712020265,136,762020266
136.762020266,136,812020267
136.862020268,136,862020268
136.912020268,136,912020268
136.912020268,136,962020269
136.962020269,137,12020270
137.01202027,137,62020271
137.062020271,137,112020271
137.162020272,137,162020272
137.162020272,137,212020273
137.262020274,137,262020274
137.312020274,137,312020274
137.362020275,137,362020275
137.412020276,137,412020276
137.462020277,137,462020277
137.512020277,137,512020277
137.562020278,137,562020278
137.612020279,137,612020279
137.66202028,137,662020280
137.71202028,137,712020280
137.762020281,137,762020281
137.812020282,137,812020282
137.812020282,137,862020283
137.912020283,137,912020283
137.962020284,137,962020284
138.012020285,138,12020285
138.012020285,138,62020285
138.112020286,138,112020286
138.162020287,138,162020287
138.212020288,138,212020288
138.262020288,138,262020288
138.312020289,138,312020289
138.36202029,138,362020290
138.412020291,138,412020291
138.462020291,138,462020291
138.512020292,138,512020292
138.562020293,138,562020293
138.562020293,138,612020294
138.662020294,138,662020294
138.712020295,138,712020295
138.712020295,138,762020296
138.762020296,138,812020297
138.812020297,138,862020297
138.912020298,138,912020298
138.962020299,138,962020299
139.0120203,139,12020300
139.0620203,139,62020300
139.0620203,139,112020301
139.162020302,139,162020302
139.212020303,139,212020303
139.262020303,139,262020303
139.312020304,139,312020304
139.362020305,139,362020305
139.412020306,139,412020306
139.412020306,139,462020306
139.512020307,139,512020307
139.562020308,139,562020308
139.612020309,139,612020309
139.662020309,139,662020309
139.71202031,139,712020310
139.762020311,139,762020311
139.812020312,139,812020312
139.862020312,139,862020312
139.912020313,139,912020313
139.962020314,139,962020314
140.012020315,140,12020315
140.062020315,140,62020315
140.112020316,140,112020316
140.162020317,140,162020317
140.212020318,140,212020318
140.262020318,140,262020318
140.312020319,140,312020319
140.36202032,140,362020320
140.412020321,140,412020321
140.462020321,140,462020321
140.512020322,140,512020322
140.562020323,140,562020323
140.612020323,140,612020323
140.662020324,140,662020324
140.712020325,140,712020325
140.762020326,140,762020326
140.812020326,140,812020326
140.862020327,140,862020327
140.912020328,140,912020328
140.962020329,140,962020329
141.012020329,141,12020329
141.06202033,141,62020330
141.112020331,141,112020331
141.162020332,141,162020332
141.162020332,141,212020332
141.262020333,141,262020333
141.312020334,141,312020334
141.362020335,141,362020335
141.412020335,141,412020335
141.412020335,141,462020336
141.512020337,141,512020337
141.562020338,141,562020338
141.612020338,141,612020338
141.662020339,141,662020339
141.71202034,141,712020340
141.762020341,141,762020341
141.812020341,141,812020341
141.862020342,141,862020342
141.912020343,141,912020343
141.962020344,141,962020344
142.012020344,142,12020344
142.062020345,142,62020345
142.112020346,142,112020346
142.162020347,142,162020347
142.212020347,142,212020347
142.262020348,142,262020348
142.312020349,142,312020349
142.36202035,142,362020350
142.36202035,142,412020350
142.462020351,142,462020351
142.512020352,142,512020352
142.562020353,142,562020353
142.612020353,142,612020353
142.612020353,142,662020354
142.712020355,142,712020355
142.762020356,142,762020356
142.812020356,142,812020356
142.862020357,142,862020357
142.912020358,142,912020358
142.962020359,142,962020359
143.012020359,143,12020359
143.06202036,143,62020360
143.112020361,143,112020361
143.162020361,143,162020361
143.212020362,143,212020362
143.262020363,143,262020363
143.312020364,143,312020364
143.362020364,143,362020364
143.412020365,143,412020365
143.462020366,143,462020366
143.512020367,143,512020367
143.562020367,143,562020367
143.562020367,143,612020368
143.662020369,143,662020369
143.71202037,143,712020370
143.76202037,143,762020370
143.812020371,143,812020371
143.862020372,143,862020372
143.912020373,143,912020373
143.962020373,143,962020373
144.012020374,144,12020374
144.062020375,144,62020375
144.112020376,144,112020376
144.162020376,144,162020376
144.212020377,144,212020377
144.262020378,144,262020378
144.312020379,144,312020379
144.362020379,144,362020379
144.41202038,144,412020380
144.41202038,144,462020381
144.512020382,144,512020382
144.56202038200001,144,562020382
144.612020383,144,612020383
144.612020383,144,662020384
144.712020385,144,712020385
144.762020385,144,762020385
144.812020386,144,812020386
144.862020387,144,862020387
144.912020388,144,912020388
144.962020388,144,962020388
145.012020389,145,12020389
145.06202039,145,62020390
145.112020391,145,112020391
145.162020391,145,162020391
145.212020392,145,212020392
145.262020393,145,262020393
145.312020394,145,312020394
145.362020394,145,362020394
145.412020395,145,412020395
145.462020396,145,462020396
145.512020397,145,512020397
145.562020397,145,562020397
145.612020398,145,612020398
145.662020399,145,662020399
145.712020399,145,712020399
145.7620204,145,762020400
145.812020401,145,812020401
145.862020402,145,862020402
145.912020402,145,912020402
145.912020402,145,962020403
146.012020404,146,12020404
146.062020405,146,62020405
146.112020405,146,112020405
146.162020406,146,162020406
146.212020407,146,212020407
146.262020408,146,262020408
146.312020408,146,312020408
146.362020409,146,362020409
146.41202041,146,412020410
146.462020411,146,462020411
146.512020411,146,512020411
146.512020411,146,562020412
146.612020413,146,612020413
146.662020414,146,662020414
146.662020414,146,712020414
146.762020415,146,762020415
146.812020416,146,812020416
146.862020417,146,862020417
146.912020417,146,912020417
146.962020418,146,962020418
147.012020419,147,12020419
147.06202042,147,62020420
147.11202042,147,112020420
147.162020421,147,162020421
147.212020422,147,212020422
147.262020423,147,262020423
147.312020423,147,312020423
147.362020424,147,362020424
147.412020425,147,412020425
147.462020426,147,462020426
147.512020426,147,512020426
147.562020427,147,562020427
147.612020428,147,612020428
147.662020429,147,662020429
147.712020429,147,712020429
147.76202043,147,762020430
147.76202043,147,812020431
147.862020432,147,862020432
147.912020432,147,912020432
147.962020433,147,962020433
147.962020433,148,12020434
148.062020434,148,62020434
148.112020435,148,112020435
148.162020436,148,162020436
148.212020437,148,212020437
148.262020437,148,262020437
148.312020438,148,312020438
148.362020439,148,362020439
148.41202044,148,412020440
148.46202044,148,462020440
148.512020441,148,512020441
148.562020442,148,562020442
148.612020443,148,612020443
148.662020443,148,662020443
148.712020444,148,712020444
148.762020445,148,762020445
148.812020446,148,812020446
148.862020446,148,862020446
148.862020446,148,912020447
148.912020447,148,962020448
149.012020449,149,12020449
149.062020449,149,62020449
149.11202045,149,112020450
149.162020451,149,162020451
149.162020451,149,212020452
149.262020452,149,262020452
149.312020453,149,312020453
149.362020454,149,362020454
149.412020455,149,412020455
149.462020455,149,462020455
149.512020456,149,512020456
149.512020456,149,562020457
149.612020458,149,612020458
149.662020458,149,662020458
149.712020459,149,712020459
149.76202046,149,762020460
149.812020461,149,812020461
149.862020461,149,862020461
149.912020462,149,912020462
149.962020463,149,962020463
150.012020464,150,12020464
150.012020464,150,62020464
150.112020465,150,112020465
150.162020466,150,162020466
150.212020467,150,212020467
150.262020467,150,262020467
150.312020468,150,312020468
150.362020469,150,362020469
150.41202047,150,412020470
150.46202047,150,462020470
150.512020471,150,512020471
150.562020472,150,562020472
150.612020472,150,612020472
150.662020473,150,662020473
150.662020473,150,712020474
150.762020475,150,762020475
150.812020475,150,812020475
150.862020476,150,862020476
150.912020477,150,912020477
150.962020478,150,962020478
150.962020478,151,12020478
151.062020479,151,62020479
151.11202048,151,112020480
151.162020481,151,162020481
151.162020481,151,212020481
151.262020482,151,262020482
151.312020483,151,312020483
151.362020484,151,362020484
151.412020484,151,412020484
151.462020485,151,462020485
151.512020486,151,512020486
151.562020487,151,562020487
151.612020487,151,612020487
151.662020488,151,662020488
151.712020489,151,712020489
151.76202049,151,762020490
151.81202049,151,812020490
151.81202049,151,862020491
151.912020492,151,912020492
151.962020493,151,962020493
152.012020493,152,12020493
152.062020494,152,62020494
152.112020495,152,112020495
152.162020496,152,162020496
152.212020496,152,212020496
152.262020497,152,262020497
152.312020498,152,312020498
152.362020499,152,362020499
152.412020499,152,412020499
152.4620205,152,462020500
152.512020501,152,512020501
152.512020501,152,562020502
152.612020502,152,612020502
152.662020503,152,662020503
152.712020504,152,712020504
152.762020505,152,762020505
152.812020505,152,812020505
152.862020506,152,862020506
152.912020507,152,912020507
152.962020508,152,962020508
153.012020508,153,12020508
153.062020509,153,62020509
153.062020509,153,112020510
153.11202051,153,162020510
153.212020511,153,212020511
153.262020512,153,262020512
153.312020513,153,312020513
153.362020513,153,362020513
153.412020514,153,412020514
153.462020515,153,462020515
153.512020516,153,512020516
153.562020516,153,562020516
153.562020516,153,612020517
153.662020518,153,662020518
153.712020519,153,712020519
153.762020519,153,762020519
153.81202052,153,812020520
153.862020521,153,862020521
153.912020522,153,912020522
153.962020522,153,962020522
154.012020523,154,12020523
154.062020524,154,62020524
154.112020525,154,112020525
154.162020525,154,162020525
154.212020526,154,212020526
154.262020527,154,262020527
154.312020528,154,312020528
154.362020528,154,362020528
154.412020529,154,412020529
154.46202053,154,462020530
154.512020531,154,512020531
154.562020531,154,562020531
154.612020532,154,612020532
154.662020533,154,662020533
154.712020534,154,712020534
154.762020534,154,762020534
154.812020535,154,812020535
154.862020536,154,862020536
154.862020536,154,912020537
154.962020537,154,962020537
155.012020538,155,12020538
155.062020539,155,62020539
155.11202054,155,112020540
155.16202054,155,162020540
155.212020541,155,212020541
155.262020542,155,262020542
155.312020543,155,312020543
155.362020543,155,362020543
155.412020544,155,412020544
155.412020544,155,462020545
155.512020546,155,512020546
155.562020546,155,562020546
155.612020547,155,612020547
155.662020548,155,662020548
155.712020548,155,712020548
155.762020549,155,762020549
155.81202055,155,812020550
155.862020551,155,862020551
155.912020551,155,912020551
155.962020552,155,962020552
156.012020553,156,12020553
156.062020554,156,62020554
156.112020554,156,112020554
156.162020555,156,162020555
156.212020556,156,212020556
156.262020557,156,262020557
156.312020557,156,312020557
156.362020558,156,362020558
156.412020559,156,412020559
156.46202056,156,462020560
156.51202056,156,512020560
156.562020561,156,562020561
156.612020562,156,612020562
156.662020563,156,662020563
156.712020563,156,712020563
156.762020564,156,762020564
156.812020565,156,812020565
156.862020566,156,862020566
156.912020566,156,912020566
156.962020567,156,962020567
156.962020567,157,12020568
157.062020569,157,62020569
157.112020569,157,112020569
157.16202057,157,162020570
157.212020571,157,212020571
157.262020572,157,262020572
157.312020572,157,312020572
157.362020573,157,362020573
157.412020574,157,412020574
157.462020575,157,462020575
157.512020575,157,512020575
157.562020576,157,562020576
157.612020577,157,612020577
157.662020578,157,662020578
157.712020578,157,712020578
157.762020579,157,762020579
157.81202058,157,812020580
157.862020581,157,862020581
157.912020581,157,912020581
157.912020581,157,962020582
158.012020583,158,12020583
158.062020584,158,62020584
158.112020584,158,112020584
158.162020585,158,162020585
158.212020586,158,212020586
158.262020586,158,262020586
158.312020587,158,312020587
158.362020588,158,362020588
158.362020588,158,412020589
158.462020589,158,462020589
158.51202059,158,512020590
158.562020591,158,562020591
158.612020592,158,612020592
158.662020592,158,662020592
158.712020593,158,712020593
158.762020594,158,762020594
158.812020595,158,812020595
158.862020595,158,862020595
158.912020596,158,912020596
158.962020597,158,962020597
159.012020598,159,12020598
159.012020598,159,62020598
159.112020599,159,112020599
159.1620206,159,162020600
159.212020601,159,212020601
159.262020601,159,262020601
159.312020602,159,312020602
159.362020603,159,362020603
159.412020604,159,412020604
159.462020604,159,462020604
159.512020605,159,512020605
159.562020606,159,562020606
159.562020606,159,612020607
159.662020607,159,662020607
159.712020608,159,712020608
159.762020609,159,762020609
159.81202061,159,812020610
159.86202061,159,862020610
159.912020611,159,912020611
159.962020612,159,962020612
160.012020613,160,12020613
160.062020613,160,62020613
160.112020614,160,112020614
160.162020615,160,162020615
160.212020616,160,212020616
160.262020616,160,262020616
160.312020617,160,312020617
160.362020618,160,362020618
160.362020618,160,412020619
160.462020619,160,462020619
160.51202062,160,512020620
160.562020621,160,562020621
160.612020622,160,612020622
160.612020622,160,662020622
160.712020623,160,712020623
160.762020624,160,762020624
160.762020624,160,812020624
160.862020625,160,862020625
160.912020626,160,912020626
160.962020627,160,962020627
161.012020627,161,12020627
161.062020628,161,62020628
161.112020629,161,112020629
161.16202063,161,162020630
161.21202063,161,212020630
161.262020631,161,262020631
161.312020632,161,312020632
161.362020633,161,362020633
161.412020633,161,412020633
161.462020634,161,462020634
161.512020635,161,512020635
161.562020636,161,562020636
161.562020636,161,612020636
161.662020637,161,662020637
161.712020638,161,712020638
161.762020639,161,762020639
161.812020639,161,812020639
161.86202064,161,862020640
161.912020641,161,912020641
161.962020642,161,962020642
161.962020642,162,12020642
162.062020643,162,62020643
162.112020644,162,112020644
162.162020645,162,162020645
162.212020645,162,212020645
162.262020646,162,262020646
162.312020647,162,312020647
162.362020648,162,362020648
162.362020648,162,412020648
162.462020649,162,462020649
162.51202065,162,512020650
162.562020651,162,562020651
162.612020651,162,612020651
162.662020652,162,662020652
162.712020653,162,712020653
162.762020654,162,762020654
162.812020654,162,812020654
162.862020655,162,862020655
162.912020656,162,912020656
162.962020657,162,962020657
163.012020657,163,12020657
163.062020658,163,62020658
163.112020659,163,112020659
163.16202066,163,162020660
163.21202066,163,212020660
163.262020661,163,262020661
163.312020662,163,312020662
163.312020662,163,362020662
163.412020663,163,412020663
163.462020664,163,462020664
163.512020665,163,512020665
163.562020665,163,562020665
163.612020666,163,612020666
163.662020667,163,662020667
163.712020668,163,712020668
163.762020668,163,762020668
163.812020669,163,812020669
163.86202067,163,862020670
163.912020671,163,912020671
163.962020671,163,962020671
164.012020672,164,12020672
164.062020673,164,62020673
164.112020674,164,112020674
164.162020674,164,162020674
164.212020675,164,212020675
164.262020676,164,262020676
164.312020677,164,312020677
164.362020677,164,362020677
164.412020678,164,412020678
164.462020679,164,462020679
164.462020679,164,512020680
164.56202068,164,562020680
164.612020681,164,612020681
164.662020682,164,662020682
164.712020683,164,712020683
164.712020683,164,762020683
164.812020684,164,812020684
164.862020685,164,862020685
164.862020685,164,912020686
164.962020686,164,962020686
165.012020687,165,12020687
165.062020688,165,62020688
165.062020688,165,112020689
165.162020689,165,162020689
165.21202069,165,212020690
165.262020691,165,262020691
165.312020692,165,312020692
165.362020692,165,362020692
165.362020692,165,412020693
165.462020694,165,462020694
165.462020694,165,512020695
165.562020695,165,562020695
165.612020696,165,612020696
165.662020697,165,662020697
165.712020698,165,712020698
165.762020698,165,762020698
165.812020699,165,812020699
165.8620207,165,862020700
165.9120207,165,912020700
165.962020701,165,962020701
166.012020702,166,12020702
166.062020703,166,62020703
166.112020703,166,112020703
166.162020704,166,162020704
166.212020705,166,212020705
166.262020706,166,262020706
166.312020706,166,312020706
166.362020707,166,362020707
166.412020708,166,412020708
166.462020709,166,462020709
166.512020709,166,512020709
166.56202071,166,562020710
166.612020711,166,612020711
166.662020712,166,662020712
166.712020712,166,712020712
166.762020713,166,762020713
166.812020714,166,812020714
166.862020715,166,862020715
166.912020715,166,912020715
166.962020716,166,962020716
166.962020716,167,12020717
167.062020718,167,62020718
167.112020718,167,112020718
167.162020719,167,162020719
167.21202072,167,212020720
167.262020721,167,262020721
167.312020721,167,312020721
167.312020721,167,362020722
167.412020723,167,412020723
167.462020724,167,462020724
167.512020724,167,512020724
167.562020725,167,562020725
167.612020726,167,612020726
167.662020727,167,662020727
167.712020727,167,712020727
167.762020728,167,762020728
167.812020729,167,812020729
167.86202073,167,862020730
167.91202073,167,912020730
167.962020731,167,962020731
167.962020731,168,12020732
168.062020733,168,62020733
168.112020733,168,112020733
168.162020734,168,162020734
168.212020735,168,212020735
168.262020736,168,262020736
168.312020736,168,312020736
168.362020737,168,362020737
168.412020738,168,412020738
168.462020738,168,462020738
168.462020738,168,512020739
168.56202074,168,562020740
168.56202074,168,612020741
168.662020741,168,662020741
168.712020742,168,712020742
168.762020743,168,762020743
168.812020744,168,812020744
168.862020744,168,862020744
168.912020745,168,912020745
168.962020746,168,962020746
168.962020746,169,12020747
169.062020747,169,62020747
169.112020748,169,112020748
169.162020749,169,162020749
169.21202075,169,212020750
169.26202075,169,262020750
169.312020751,169,312020751
169.312020751,169,362020752
169.412020753,169,412020753
169.462020753,169,462020753
169.512020754,169,512020754
169.562020755,169,562020755
169.612020756,169,612020756
169.662020756,169,662020756
169.712020757,169,712020757
169.762020758,169,762020758
169.762020758,169,812020759
169.812020759,169,862020759
169.91202076,169,912020760
169.962020761,169,962020761
170.012020762,170,12020762
170.062020762,170,62020762
170.112020763,170,112020763
170.162020764,170,162020764
170.212020765,170,212020765
170.262020765,170,262020765
170.312020766,170,312020766
170.362020767,170,362020767
170.412020768,170,412020768
170.462020768,170,462020768
170.512020769,170,512020769
170.56202077,170,562020770
170.56202077,170,612020771
170.662020771,170,662020771
170.712020772,170,712020772
170.762020773,170,762020773
170.812020773,170,812020773
