Time,data
19.108195589,3.3934988975524902
19.108195589,3.597546339035034
19.15819559,3.8101963996887207
19.208195591,4.0279974937438965
19.258195592,4.240795612335205
19.308195592,4.462213039398193
19.358195593,4.688633441925049
19.408195594,4.917241096496582
19.458195595,5.139821529388428
19.508195595,5.3264641761779785
19.558195596,5.570909023284912
19.608195597,5.559046268463135
19.658195598,5.499019622802734
19.708195598,5.754463195800781
19.758195599,6.250365734100342
19.8081956,6.533560276031494
19.858195601,6.87610387802124
19.908195601,7.024880409240723
19.958195602,7.223852157592773
20.008195603,7.273407459259033
20.058195604,7.389616966247559
20.108195604,7.383023262023926
20.158195605,7.446925163269043
20.208195606,7.394535064697266
20.258195606,7.4115777015686035
20.308195607000002,7.30795431137085
20.358195608,7.26699161529541
20.408195609,7.120675086975098
20.458195609,7.040770053863525
20.50819561,6.869617938995361
20.558195611,6.804227828979492
20.608195612,6.651124000549316
20.658195612,6.6040120124816895
20.708195613,6.465710163116455
20.758195614,6.433203220367432
20.808195615,6.31239128112793
20.858195615,6.326651573181152
20.908195616,6.226012706756592
20.958195617,6.26478910446167
21.008195618,6.19256591796875
21.058195618,6.275886058807373
21.108195619,6.279009819030762
21.15819562,6.402096748352051
21.208195621,6.400879859924316
21.258195621,6.56060266494751
21.308195622,6.60095739364624
21.358195623,6.735337257385254
21.408195624,6.805025100708008
21.458195624,6.976293563842773
21.508195625,7.106072425842285
21.558195626,7.329563617706299
21.608195627,7.490995407104492
21.658195627,7.725273132324219
21.708195628,7.899308681488037
21.758195629,8.117327690124512
21.80819563,8.296863555908203
21.85819563,8.420378684997559
21.908195631,8.437650680541992
21.958195632,8.406967163085938
22.008195633,8.343052864074707
22.058195633,8.324381828308105
22.108195634,8.342326164245605
22.158195635,8.412336349487305
22.208195636,8.496193885803223
22.258195636,8.586718559265137
22.308195637,8.666726112365723
22.358195638,8.758957862854004
22.408195639,8.847807884216309
22.458195639,8.903822898864746
22.50819564,8.95209789276123
22.558195641,9.03405475616455
22.608195642,9.136029243469238
22.658195642,9.293302536010742
22.708195643,9.461297988891602
22.758195644,9.668370246887207
22.808195644,9.874935150146484
22.858195645,10.10690689086914
22.908195646,10.254992485046387
22.958195647,10.270003318786621
23.008195647,10.250444412231445
23.058195648,10.69247055053711
23.108195649,11.076777458190918
23.15819565,11.4241304397583
23.20819565,11.739340782165527
23.258195651,12.029885292053223
23.308195652,12.301421165466309
23.358195653,12.557390213012695
23.408195653,12.803159713745117
23.458195654,13.038527488708496
23.508195655,13.259418487548828
23.558195656,13.458220481872559
23.608195656,13.653127670288086
23.658195657,13.84604263305664
23.708195658,14.028331756591797
23.758195659000002,14.171196937561035
23.808195659,14.266864776611328
23.85819566,14.326234817504883
23.908195661,14.359588623046875
23.958195662,14.373361587524414
24.008195662,14.373882293701172
24.058195663,14.357033729553223
24.108195664,14.319520950317383
24.158195665,14.255632400512695
24.208195665,14.131505012512207
24.258195666,13.933479309082031
24.308195667,13.647921562194824
24.358195668,13.286069869995117
24.408195668,12.892138481140137
24.458195669,12.491161346435547
24.50819567,12.243451118469238
24.558195671,11.988134384155273
24.608195671,11.388822555541992
24.658195672,10.762269973754883
24.708195673,10.21821117401123
24.758195674,9.797688484191895
24.808195674,9.447572708129883
24.858195675,9.154419898986816
24.908195676,8.919621467590332
24.958195677,8.726009368896484
25.008195677,8.579987525939941
25.058195678,8.437192916870117
25.108195679,8.378663063049316
25.15819568,8.28934383392334
25.20819568,8.289765357971191
25.258195681,8.238548278808594
25.308195682,8.256452560424805
25.358195682,8.218804359436035
25.408195683,8.251484870910645
25.458195684,8.225415229797363
25.508195685,8.26535701751709
25.558195685,8.24664306640625
25.608195686,8.300461769104004
25.658195687,8.286096572875977
25.708195688,8.333062171936035
25.758195688,8.321785926818848
25.808195689,8.36528491973877
25.85819569,8.341877937316895
25.908195691,8.37559700012207
25.958195691,8.347484588623047
26.008195692,8.3787260055542
26.058195693,8.349467277526855
26.108195694,8.381003379821777
26.158195694,8.354941368103027
26.208195695,8.398914337158203
26.258195696,8.397388458251953
26.308195697,8.464107513427734
26.358195697,8.471932411193848
26.408195698,8.519389152526855
26.458195699,8.491384506225586
26.5081957,8.52136516571045
26.5581957,8.488926887512207
26.608195701,8.510419845581055
26.658195702,8.47966194152832
26.708195703,8.519068717956543
26.758195703,8.504875183105469
26.808195704,8.520808219909668
26.858195705,8.443371772766113
26.908195706,8.40279483795166
26.958195706,8.32359790802002
27.008195707,8.316670417785645
27.058195708,8.230660438537598
27.108195709,8.178749084472656
27.158195709,8.046707153320312
27.20819571,7.975009441375732
27.258195711,7.831661701202393
27.308195712,7.760780334472656
27.358195712,7.61729097366333
27.408195713,7.560489654541016
27.458195714,7.431408882141113
27.508195715,7.401093006134033
27.558195715,7.305789947509766
27.608195716,7.324125289916992
27.658195717,7.27297830581665
27.708195718,7.331083297729492
27.758195718,7.309210300445557
27.808195719,7.389375686645508
27.85819572,7.38327693939209
27.90819572,7.475045680999756
27.958195721,7.480858325958252
28.008195722,7.583040714263916
28.058195723,7.613523960113525
28.108195723,7.751409530639648
28.158195724,7.829411506652832
28.208195725,8.011053085327148
28.258195726,8.12859058380127
28.308195726,8.320656776428223
28.358195727000002,8.41706371307373
28.408195728,8.546530723571777
28.458195729,8.673333168029785
28.508195729,8.851150512695312
28.55819573,9.02868938446045
28.608195731,9.25979995727539
28.658195732,9.499106407165527
28.708195732,9.759657859802246
28.758195733,10.000093460083008
28.808195734,9.954586029052734
28.858195735,9.936410903930664
28.908195735,10.27188491821289
28.958195736,10.636921882629395
29.008195737,10.970118522644043
29.058195738,11.271454811096191
29.108195738,11.53857421875
29.158195739,11.77298641204834
29.20819574,11.948699951171875
29.258195741,12.069482803344727
29.308195741,12.089529991149902
29.358195742,12.010079383850098
29.408195743,11.811347961425781
29.458195744,11.524832725524902
29.508195744,11.19326114654541
29.558195745,11.044896125793457
29.608195746,11.019716262817383
29.658195747,10.629435539245605
29.708195747,10.2576322555542
29.758195748,10.016326904296875
29.808195749,9.88965892791748
29.85819575,9.858610153198242
29.90819575,9.90280818939209
29.958195751,10.000662803649902
30.008195752,10.135347366333008
30.058195753,10.294876098632812
30.108195753,10.455009460449219
30.158195754,10.542736053466797
30.208195755,10.511609077453613
30.258195756,10.397553443908691
30.308195756,10.234657287597656
30.358195757,10.0241117477417
30.408195758,9.786453247070312
30.458195758,9.54278564453125
30.508195759,9.307197570800781
30.55819576,9.102277755737305
30.608195761,8.9602632522583
30.658195761,8.843157768249512
30.708195762,8.790655136108398
30.758195763,8.722315788269043
30.808195764,8.695687294006348
30.858195764,8.605822563171387
30.908195765,8.559000015258789
30.958195766,8.468703269958496
31.008195767,8.454089164733887
31.058195767,8.399415969848633
31.108195768,8.424483299255371
31.158195769,8.428098678588867
31.20819577,8.550959587097168
31.25819577,8.668779373168945
31.308195771,8.862564086914062
31.358195772,9.004008293151855
31.408195773,9.16136360168457
31.458195773,9.239090919494629
31.508195774,9.315936088562012
31.558195775,9.339835166931152
31.608195776,9.35545539855957
31.658195776,9.314897537231445
31.708195777,9.286368370056152
31.758195778,9.226256370544434
31.808195779000002,9.189860343933105
31.858195779,9.113142967224121
31.90819578,9.059834480285645
31.958195781,8.965765953063965
32.008195782,8.89944839477539
32.058195782,8.790410995483398
32.108195783,8.725393295288086
32.158195784,8.61811637878418
32.208195785,8.567002296447754
32.258195785,8.477438926696777
32.308195786,8.439266204833984
32.358195787,8.346795082092285
32.408195788,8.320008277893066
32.458195788,8.252863883972168
32.508195789,8.255337715148926
32.55819579,8.211734771728516
32.608195791,8.241525650024414
32.658195791,8.219169616699219
32.708195792,8.262429237365723
32.758195793,8.236483573913574
32.808195794,8.272725105285645
32.858195794,8.24666690826416
32.908195795,8.283246040344238
32.958195796,8.252293586730957
33.008195796,8.282120704650879
33.058195797,8.245617866516113
33.108195798,8.270572662353516
33.158195799,8.232499122619629
33.208195799,8.2584228515625
33.2581958,8.220870971679688
33.308195801,8.246908187866211
33.358195802,8.208666801452637
33.408195802,8.236624717712402
33.458195803,8.202432632446289
33.508195804,8.234550476074219
33.558195805,8.203752517700195
33.608195805,8.241717338562012
33.658195806,8.217808723449707
33.708195807,8.263514518737793
33.758195808,8.248223304748535
33.808195808,8.301424980163574
33.858195809,8.300653457641602
33.90819581,8.361533164978027
33.958195811,8.3591890335083
34.008195811,8.41694164276123
34.058195812,8.41075325012207
34.108195813,8.464900016784668
34.158195814,8.46151065826416
34.208195814,8.5071439743042
34.258195815,8.487555503845215
34.308195816,8.52682113647461
34.358195817,8.523924827575684
34.408195817,8.57630729675293
34.458195818,8.542661666870117
34.508195819,8.51382827758789
34.55819582,8.417520523071289
34.60819582,8.375545501708984
34.658195821,8.245833396911621
34.708195822,8.144381523132324
34.758195823,7.960094451904297
34.808195823,7.832644462585449
34.858195824,7.635214328765869
34.908195825,7.5499773025512695
34.958195826,7.438454627990723
35.008195826,7.438323020935059
35.058195827,7.345704078674316
35.108195828,7.334514141082764
35.158195829,7.227297306060791
35.208195829,7.210020542144775
35.25819583,7.10066556930542
35.308195831,7.084125518798828
35.358195831,6.971588611602783
35.408195832,6.9648895263671875
35.458195833,6.863278388977051
35.508195834,6.866258144378662
35.558195834,6.768881320953369
35.608195835000004,6.788299560546875
35.658195836,6.710319519042969
35.708195837,6.7456746101379395
35.758195837,6.682753562927246
35.808195838,6.7353997230529785
35.858195839,6.699748992919922
35.90819584,6.803297519683838
35.95819584,6.830648422241211
36.008195841,6.986616134643555
36.058195842,7.040567398071289
36.108195843,7.2386298179626465
36.158195843,7.291803359985352
36.208195844,7.459785461425781
36.258195845,7.518993854522705
36.308195846,7.693092346191406
36.358195846,7.7561564445495605
36.408195847,7.941131114959717
36.458195848,8.013385772705078
36.508195849,8.16915225982666
36.558195849,8.270379066467285
36.60819585,8.470447540283203
36.658195851,8.655557632446289
36.708195852,8.89207649230957
36.758195852,9.037111282348633
36.808195853,9.272480010986328
36.858195854,9.43841552734375
36.908195855,9.673124313354492
36.958195855,9.717910766601562
37.008195856,9.606736183166504
37.058195857,9.73437213897705
37.108195858,10.01715087890625
37.158195858,10.200447082519531
37.208195859,10.448795318603516
37.25819586,10.69171142578125
37.308195861,10.975899696350098
37.358195861,11.213737487792969
37.408195862,11.451373100280762
37.458195863,11.686131477355957
37.508195864,11.91643238067627
37.558195864,12.130064964294434
37.608195865,12.340971946716309
37.658195866,12.561702728271484
37.708195867,12.780465126037598
37.758195867,12.986948013305664
37.808195868,13.189665794372559
37.858195869,13.396222114562988
37.908195869,13.605405807495117
37.95819587,13.817440032958984
38.008195871,14.02989673614502
38.058195872,14.238228797912598
38.108195872,14.447556495666504
38.158195873,14.640239715576172
38.208195874,14.783149719238281
38.258195875,14.88045883178711
38.308195875,14.941611289978027
38.358195876,14.98021125793457
38.408195877,15.015948295593262
38.458195878,15.057323455810547
38.508195878,15.104342460632324
38.558195879,15.151787757873535
38.60819588,15.19843578338623
38.658195881,15.234848976135254
38.708195881,15.228243827819824
38.758195882,15.151890754699707
38.808195883,15.023946762084961
38.858195884,14.84360408782959
38.908195884,14.605981826782227
38.958195885,14.325663566589355
39.008195886,14.026191711425781
39.058195887,13.692922592163086
39.108195887,13.309096336364746
39.158195888,12.88853645324707
39.208195889,12.595993995666504
39.25819589,12.327922821044922
39.30819589,11.795785903930664
39.358195891,11.126569747924805
39.408195892,10.532551765441895
39.458195893,10.061327934265137
39.508195893,9.697080612182617
39.558195894,9.391654014587402
39.608195895,9.143510818481445
39.658195896,8.939766883850098
39.708195896,8.791604042053223
39.758195897,8.649730682373047
39.808195898,8.566113471984863
39.858195899,8.46151065826416
39.908195899,8.4404878616333
39.9581959,8.378125190734863
40.008195901,8.374500274658203
40.058195902,8.308349609375
40.108195902,8.300639152526855
40.158195903,8.234667778015137
40.208195904,8.238701820373535
40.258195905,8.18766975402832
40.308195905,8.210068702697754
40.358195906,8.172833442687988
40.408195907,8.207037925720215
40.458195907,8.173948287963867
40.508195908,8.205486297607422
40.558195909,8.173413276672363
40.60819591,8.211926460266113
40.65819591,8.185406684875488
40.708195911,8.222275733947754
40.758195912,8.19244384765625
40.808195913,8.225346565246582
40.858195913,8.191994667053223
40.908195914,8.223152160644531
40.958195915,8.186779975891113
41.008195916,8.214073181152344
41.058195916,8.178019523620605
41.108195917,8.21109390258789
41.158195918,8.180951118469238
41.208195919,8.218976020812988
41.258195919,8.192936897277832
41.30819592,8.236898422241211
41.358195921,8.225191116333008
41.408195922,8.28065299987793
41.458195922,8.275925636291504
41.508195923,8.343509674072266
41.558195924,8.344879150390625
41.608195925,8.40122127532959
41.658195925,8.387397766113281
41.708195926,8.432232856750488
41.758195927,8.434229850769043
41.808195928,8.496020317077637
41.858195928,8.468406677246094
41.908195929,8.461054801940918
41.95819593,8.373579978942871
42.008195931,8.342498779296875
42.058195931,8.253625869750977
42.108195932,8.247206687927246
42.158195933,8.188726425170898
42.208195934,8.179919242858887
42.258195934,8.089910507202148
42.308195935,8.08749771118164
42.358195936,8.042241096496582
42.408195937,8.035419464111328
42.458195937,7.928499221801758
42.508195938,7.888785362243652
42.558195939,7.804032802581787
42.60819594,7.814538955688477
42.65819594,7.727696418762207
42.708195941,7.696681499481201
42.758195942,7.571600437164307
42.808195943,7.51539945602417
42.858195943,7.371784210205078
42.908195944,7.3175740242004395
42.958195945,7.180998802185059
43.008195945,7.141775608062744
43.058195946,7.012311935424805
43.108195947,6.984082221984863
43.158195948,6.863061904907227
43.208195948,6.84945011138916
43.258195949,6.743324279785156
43.30819595,6.746210098266602
43.358195951,6.642498970031738
43.408195951,6.6491241455078125
43.458195952,6.562215805053711
43.508195953,6.6115031242370605
43.558195954,6.569371223449707
43.608195954,6.669144630432129
43.658195955,6.6842145919799805
43.708195956,6.8397674560546875
43.758195957,6.909898281097412
43.808195957,7.0764288902282715
43.858195958,7.1689043045043945
43.908195959,7.349346160888672
43.95819596,7.434369087219238
44.00819596,7.636743068695068
44.058195961,7.718313694000244
44.108195962,7.895228385925293
44.158195963,7.95849084854126
44.208195963,8.103437423706055
44.258195964,8.142510414123535
44.308195965,8.280025482177734
44.358195966,8.35165786743164
44.408195966,8.50467300415039
44.458195967,8.621369361877441
44.508195968,8.811029434204102
44.558195969,8.993987083435059
44.608195969,9.21165943145752
44.65819597,9.42142105102539
44.708195971,9.602620124816895
44.758195972,9.794656753540039
44.808195972,9.68258285522461
44.858195973,9.56829833984375
44.908195974,9.737533569335938
44.958195975,9.978684425354004
45.008195975,10.210884094238281
45.058195976,10.528558731079102
45.108195977,10.900337219238281
45.158195978,11.216788291931152
45.208195978,11.496906280517578
45.258195979,11.765772819519043
45.30819598,12.022085189819336
45.358195981,12.257648468017578
45.408195981,12.468297958374023
45.458195982,12.684791564941406
45.508195983,12.900248527526855
45.558195983,13.11192798614502
45.608195984,13.328640937805176
45.658195985,13.547144889831543
45.708195986,13.74421501159668
45.758195986,13.917109489440918
45.808195987,14.049262046813965
45.858195988,14.14017391204834
45.908195989,14.201272010803223
45.958195989000004,14.239519119262695
46.00819599,14.233794212341309
46.058195991,14.149412155151367
46.108195992,14.012146949768066
46.158195992,13.820528984069824
46.208195993,13.62366008758545
46.258195994,13.403178215026855
46.308195995,13.14960765838623
46.358195995,12.884345054626465
46.408195996,12.601954460144043
46.458195997,12.43742561340332
46.508195998,12.229534149169922
46.558195998,11.722371101379395
46.608195999,11.065706253051758
46.658196,10.468697547912598
46.708196001,9.959080696105957
46.758196001,9.578097343444824
46.808196002,9.261087417602539
46.858196003,9.00535774230957
46.908196004,8.793218612670898
46.958196004,8.637985229492188
47.008196005,8.495183944702148
47.058196006,8.42868423461914
47.108196007,8.357159614562988
47.158196007,8.375993728637695
47.208196008,8.342836380004883
47.258196009,8.36773681640625
47.30819601,8.319073677062988
47.35819601,8.326261520385742
47.408196011,8.27213191986084
47.458196012,8.277277946472168
47.508196013,8.219294548034668
47.558196013,8.232669830322266
47.608196014,8.189850807189941
47.658196015,8.208370208740234
47.708196016,8.159544944763184
47.758196016,8.17851734161377
47.808196017,8.135031700134277
47.858196018,8.158422470092773
47.908196019,8.115095138549805
47.958196019,8.140525817871094
48.00819602,8.100839614868164
48.058196021,8.130866050720215
48.108196021,8.093042373657227
48.158196022,8.123892784118652
48.208196023,8.088353157043457
48.258196024,8.12348461151123
48.308196024,8.09114933013916
48.358196025,8.125425338745117
48.408196026,8.09185791015625
48.458196027,8.127474784851074
48.508196027,8.094696998596191
48.558196028,8.132682800292969
48.608196029,8.102334022521973
48.65819603,8.141312599182129
48.70819603,8.112689971923828
48.758196031,8.153505325317383
48.808196032,8.129709243774414
48.858196033,8.176691055297852
48.908196033,8.164206504821777
48.958196034,8.227526664733887
49.008196035,8.223465919494629
49.058196036,8.284414291381836
49.108196036,8.279586791992188
49.158196037,8.33607292175293
49.208196038,8.326376914978027
49.258196039,8.379140853881836
49.308196039,8.380062103271484
49.35819604,8.45324420928955
49.408196041,8.47516918182373
49.458196042,8.5501708984375
49.508196042,8.552814483642578
49.558196043,8.592456817626953
49.608196044,8.569257736206055
49.658196045,8.6082181930542
49.708196045,8.603370666503906
49.758196046,8.63926887512207
49.808196047,8.586383819580078
49.858196048,8.558080673217773
49.908196048,8.454473495483398
49.958196049,8.390380859375
50.00819605,8.260251998901367
50.058196051,8.18930435180664
50.108196051,8.086549758911133
50.158196052,8.092370986938477
50.208196053,8.064600944519043
50.258196054,8.119593620300293
50.308196054,8.09164047241211
50.358196055,8.093916893005371
50.408196056,7.9926557540893555
50.458196057,7.940330505371094
50.508196057,7.819339752197266
50.558196058,7.780300617218018
50.608196059,7.67747688293457
50.658196059,7.650655269622803
50.70819606,7.519657135009766
50.758196061,7.442017078399658
50.808196062,7.2811479568481445
50.858196062,7.215114116668701
50.908196063,7.057422161102295
50.958196064,6.987860202789307
51.008196065,6.819720268249512
51.058196065,6.783397197723389
51.108196066,6.664284706115723
51.158196067,6.669583797454834
51.208196068,6.561161518096924
51.258196068,6.554274559020996
51.308196069,6.435451507568359
51.35819607,6.450424671173096
51.408196071,6.3507890701293945
51.458196071,6.362340450286865
51.508196072,6.309004306793213
51.558196073,6.404613494873047
51.608196074,6.392544269561768
51.658196074,6.514948844909668
51.708196075000004,6.603075981140137
51.758196076,6.809514999389648
51.808196077,6.954020023345947
51.858196077,7.193119049072266
51.908196078,7.36236572265625
51.958196079,7.600925922393799
52.00819608,7.781615257263184
52.05819608,7.997714996337891
52.108196081,8.101226806640625
52.158196082,8.110401153564453
52.208196083,8.000068664550781
52.258196083,7.865080833435059
52.308196084,7.698681831359863
52.358196085,7.592587947845459
52.408196086,7.524633884429932
52.458196086,7.554895401000977
52.508196087,7.591973781585693
52.558196088,7.6724724769592285
52.608196089,7.724963665008545
52.658196089,7.951035499572754
52.70819609,8.101130485534668
52.758196091,8.274458885192871
52.808196092,8.345097541809082
52.858196092,8.478178024291992
52.908196093,8.586952209472656
52.958196094,8.783798217773438
53.008196095,8.95210075378418
53.058196095,9.183934211730957
53.108196096,9.392010688781738
53.158196097,9.635651588439941
53.208196097,9.86428451538086
53.258196098,10.108430862426758
53.308196099,10.169556617736816
53.3581961,10.185153007507324
53.4081961,10.35351276397705
53.458196101,10.774127960205078
53.508196102,11.140482902526855
53.558196103,11.472270011901855
53.608196103,11.770345687866211
53.658196104,12.052602767944336
53.708196105,12.321859359741211
53.758196106,12.576497077941895
53.808196106,12.819186210632324
53.858196107,13.05195426940918
53.908196108,13.264122009277344
53.958196109,13.430024147033691
54.008196109,13.55493450164795
54.05819611,13.653141975402832
54.108196111,13.739347457885742
54.158196112,13.821550369262695
54.208196112,13.912224769592285
54.258196113,13.996424674987793
54.308196114,14.059954643249512
54.358196115,14.098649024963379
54.408196115,14.117197036743164
54.458196116,14.11815357208252
54.508196117,14.102242469787598
54.558196118,14.069208145141602
54.608196118,13.982564926147461
54.658196119,13.80401611328125
54.70819612,13.527547836303711
54.758196121,13.172465324401855
54.808196121,12.786171913146973
54.858196122,12.389742851257324
54.908196123,12.138245582580566
54.958196124,11.87743091583252
55.008196124,11.278802871704102
55.058196125,10.667835235595703
55.108196126,10.157881736755371
55.158196127,9.773744583129883
55.208196127,9.448567390441895
55.258196128,9.180135726928711
55.308196129,8.962569236755371
55.35819613,8.784823417663574
55.40819613,8.643086433410645
55.458196131,8.52603816986084
55.508196132,8.434840202331543
55.558196133,8.37935733795166
55.608196133,8.352533340454102
55.658196134,8.32571029663086
55.708196135,8.303217887878418
55.758196135,8.28977108001709
55.808196136,8.291460037231445
55.858196137,8.295496940612793
55.908196138,8.298986434936523
55.958196138,8.303868293762207
56.008196139,8.306832313537598
56.05819614,8.309114456176758
56.108196141,8.310784339904785
56.158196141,8.315194129943848
56.208196142,8.324029922485352
56.258196143,8.329837799072266
56.308196144,8.333858489990234
56.358196144,8.338768005371094
56.408196145,8.344364166259766
56.458196146,8.349655151367188
56.508196147,8.355772972106934
56.558196147,8.373074531555176
56.608196148,8.403691291809082
56.658196149,8.44248104095459
56.70819615,8.484158515930176
56.75819615,8.531737327575684
56.808196151,8.571228981018066
56.858196152,8.594526290893555
56.908196153,8.609333038330078
56.958196153,8.620709419250488
57.008196154,8.639710426330566
57.058196155,8.66942310333252
57.108196156,8.688871383666992
57.158196156,8.658129692077637
57.208196157,8.594569206237793
57.258196158,8.537263870239258
57.308196159,8.492683410644531
57.358196159,8.47130298614502
57.40819616,8.482535362243652
57.458196161000004,8.506210327148438
57.508196162,8.50444221496582
57.558196162,8.450813293457031
57.608196163,8.363456726074219
57.658196164,8.252592086791992
57.708196165,8.128501892089844
57.758196165,8.00039291381836
57.808196166,7.875053882598877
57.858196167,7.761158466339111
57.908196168,7.661548137664795
57.958196168,7.576640605926514
58.008196169,7.515504837036133
58.05819617,7.475075721740723
58.108196171,7.456021308898926
58.158196171,7.452768325805664
58.208196172,7.463230133056641
58.258196173,7.491495132446289
58.308196173,7.539618968963623
58.358196174,7.6095733642578125
58.408196175,7.701958179473877
58.458196176,7.8220672607421875
58.508196176,7.966561794281006
58.558196177,8.128632545471191
58.608196178,8.272449493408203
58.658196179,8.373607635498047
58.708196179,8.502379417419434
58.75819618,8.6627779006958
58.808196181,8.863314628601074
58.858196182,9.076814651489258
58.908196182,9.30394458770752
58.958196183,9.559988021850586
59.008196184,9.793976783752441
59.058196185,10.034157752990723
59.108196185,9.98671817779541
59.158196186,9.978748321533203
59.208196187,10.28995132446289
59.258196188,10.657857894897461
59.308196188,10.989114761352539
59.358196189,11.29521656036377
59.40819619,11.549259185791016
59.458196191,11.759607315063477
59.508196191,11.919632911682129
59.558196192,12.019457817077637
59.608196193,12.038697242736816
59.658196194,11.954131126403809
59.708196194,11.781457901000977
59.758196195,11.53387451171875
59.808196196,11.226579666137695
59.858196197,11.046799659729004
59.908196197,11.016602516174316
59.958196198,10.624773025512695
60.008196199,10.24647331237793
60.0581962,9.994683265686035
60.1081962,9.860086441040039
60.158196201,9.819419860839844
60.208196202,9.848523139953613
60.258196203,9.93370532989502
60.308196203,10.058500289916992
60.358196204,10.213655471801758
60.408196205,10.3761568069458
60.458196206,10.490232467651367
60.508196206,10.492205619812012
60.558196207,10.393512725830078
60.608196208,10.233672142028809
60.658196208,10.032609939575195
60.708196209,9.787665367126465
60.75819621,9.548888206481934
60.808196211,9.315801620483398
60.858196211,9.115287780761719
60.908196212,8.981770515441895
60.958196213,8.90485954284668
61.008196214,8.87414836883545
61.058196214,8.806435585021973
61.108196215,8.76919174194336
61.158196216,8.68330192565918
61.208196217,8.63310432434082
61.258196217,8.540740013122559
61.308196218,8.520813941955566
61.358196219,8.462834358215332
61.40819622,8.470436096191406
61.45819622,8.4784574508667
61.508196221,8.607611656188965
61.558196222,8.712543487548828
61.608196223,8.869001388549805
61.658196223,8.960760116577148
61.708196224,9.075878143310547
61.758196225,9.137063026428223
61.808196226,9.228249549865723
61.858196226,9.27720832824707
61.908196227,9.343484878540039
61.958196228,9.364004135131836
62.008196229,9.393106460571289
62.058196229,9.374835968017578
62.10819623,9.356919288635254
62.158196231,9.29549503326416
62.208196232,9.24360466003418
62.258196232,9.149333953857422
62.308196233,9.072548866271973
62.358196234,8.955476760864258
62.408196235,8.870955467224121
62.458196235,8.755059242248535
62.508196236,8.692773818969727
62.558196237,8.594454765319824
62.608196238,8.54886245727539
62.658196238,8.453638076782227
62.708196239,8.416927337646484
62.75819624,8.339971542358398
62.808196241,8.327130317687988
62.858196241,8.26080322265625
62.908196242,8.262006759643555
62.958196243,8.207658767700195
63.008196244,8.22088623046875
63.058196244,8.181039810180664
63.108196245,8.225262641906738
63.158196246,8.206043243408203
63.208196246,8.246912002563477
63.258196247,8.218552589416504
63.308196248,8.252198219299316
63.358196249,8.219880104064941
63.408196249,8.251640319824219
63.45819625,8.217413902282715
63.508196251,8.247048377990723
63.558196252,8.21302604675293
63.608196252,8.244964599609375
63.658196253,8.215120315551758
63.708196254,8.256278038024902
63.758196255,8.246018409729004
63.808196255,8.302188873291016
63.858196256,8.287871360778809
63.908196257,8.331780433654785
63.958196258,8.308059692382812
64.008196258,8.342998504638672
64.058196259,8.314143180847168
64.10819626,8.34803295135498
64.158196261,8.324193954467773
64.208196261,8.366645812988281
64.258196262,8.357830047607422
64.308196263,8.416193008422852
64.358196264,8.41708755493164
64.408196264,8.478944778442383
64.458196265,8.473285675048828
64.508196266,8.523439407348633
64.558196267,8.523683547973633
64.608196267,8.582287788391113
64.658196268,8.600362777709961
64.708196269,8.667238235473633
64.75819627,8.65779972076416
64.80819627,8.711251258850098
64.858196271,8.728193283081055
64.908196272,8.80132007598877
64.958196273,8.814642906188965
65.008196273,8.805169105529785
65.058196274,8.688546180725098
65.108196275,8.611259460449219
65.158196276,8.501684188842773
65.208196276,8.414968490600586
65.258196277,8.248218536376953
65.308196278,8.126577377319336
65.358196279,7.941760063171387
65.408196279,7.828035354614258
65.45819628,7.646633148193359
65.508196281,7.5480146408081055
65.558196282,7.383581161499023
65.608196282,7.3141608238220215
65.658196283,7.1672563552856445
65.708196284,7.1247148513793945
65.758196284,6.996286869049072
65.808196285,6.972656726837158
65.858196286,6.859033584594727
65.908196287,6.859245777130127
65.958196287,6.770046710968018
66.008196288,6.796438694000244
66.058196289,6.731010913848877
66.10819629,6.807518482208252
66.15819629,6.810450077056885
66.208196291,6.954148769378662
66.258196292,6.995443820953369
66.308196293,7.171933174133301
66.358196293,7.2487006187438965
66.408196294,7.43642520904541
66.458196295,7.536473751068115
66.508196296,7.692042827606201
66.558196296,7.805100440979004
66.608196297,7.937007427215576
66.65819629800001,8.012283325195312
66.708196299,8.154882431030273
66.758196299,8.277175903320312
66.8081963,8.40843391418457
66.858196301,8.55080795288086
66.908196302,8.720207214355469
66.958196302,8.938677787780762
67.008196303,9.107651710510254
67.058196304,9.32522201538086
67.108196305,9.563262939453125
67.158196305,9.744647979736328
67.208196306,9.736149787902832
67.258196307,9.641509056091309
67.308196308,9.752233505249023
67.358196308,10.052787780761719
67.408196309,10.325447082519531
67.45819631,10.624938011169434
67.508196311,10.942251205444336
67.558196311,11.252875328063965
67.608196312,11.508163452148438
67.658196313,11.770336151123047
67.708196314,12.022231101989746
67.758196314,12.256797790527344
67.808196315,12.479576110839844
67.858196316,12.704212188720703
67.908196317,12.931268692016602
67.958196317,13.148618698120117
68.008196318,13.355781555175781
68.058196319,13.56409740447998
68.10819632,13.777887344360352
68.15819632,13.990707397460938
68.208196321,14.205016136169434
68.258196322,14.414481163024902
68.308196322,14.624682426452637
68.358196323,14.83170223236084
68.408196324,15.018526077270508
68.458196325,15.158031463623047
68.508196325,15.251203536987305
68.558196326,15.308670997619629
68.608196327,15.341796875
68.658196328,15.363239288330078
68.708196328,15.372013092041016
68.758196329,15.33824634552002
68.80819633,15.264542579650879
68.858196331,15.151954650878906
68.908196331,15.004653930664062
68.958196332,14.820058822631836
69.008196333,14.59235668182373
69.058196334,14.339056968688965
69.108196334,14.064834594726562
69.158196335,13.782737731933594
69.208196336,13.483346939086914
69.258196337,13.152442932128906
69.308196337,12.773372650146484
69.358196338,12.542864799499512
69.408196339,12.280871391296387
69.45819634,11.666277885437012
69.50819634,11.006982803344727
69.558196341,10.423521995544434
69.608196342,9.952651023864746
69.658196343,9.592631340026855
69.708196343,9.290933609008789
69.758196344,9.054094314575195
69.808196345,8.859586715698242
69.858196346,8.72298526763916
69.908196346,8.58983039855957
69.958196347,8.521444320678711
70.008196348,8.421728134155273
70.058196349,8.392385482788086
70.108196349,8.31119155883789
70.15819635,8.2964506149292
70.208196351,8.221731185913086
70.258196352,8.212274551391602
70.308196352,8.14180850982666
70.358196353,8.14767074584961
70.408196354,8.109713554382324
70.458196355,8.146390914916992
70.508196355,8.117131233215332
70.558196356,8.15445327758789
70.608196357,8.125704765319824
70.658196358,8.163917541503906
70.708196358,8.133771896362305
70.758196359,8.169568061828613
70.80819636,8.137187004089355
70.85819636,8.173023223876953
70.908196361,8.141413688659668
70.958196362,8.177664756774902
71.008196363,8.147964477539062
71.058196363,8.183847427368164
71.108196364,8.153186798095703
71.158196365,8.190010070800781
71.208196366,8.162232398986816
71.258196366,8.201074600219727
71.308196367,8.173811912536621
71.358196368,8.214383125305176
71.408196369,8.188070297241211
71.458196369,8.22833251953125
71.50819637,8.204160690307617
71.558196371,8.245058059692383
71.608196372,8.222907066345215
71.658196372,8.268840789794922
71.708196373,8.253186225891113
71.758196374,8.301562309265137
71.808196375,8.290802001953125
71.858196375,8.355688095092773
71.908196376,8.363777160644531
71.958196377,8.433379173278809
72.008196378,8.430612564086914
72.058196378,8.472046852111816
72.108196379,8.440618515014648
72.15819638,8.45926284790039
72.208196381,8.43817138671875
72.258196381,8.4796724319458
72.308196382,8.460746765136719
72.358196383,8.514060974121094
72.40819638400001,8.517289161682129
72.458196384,8.583590507507324
72.508196385,8.597358703613281
72.558196386,8.638679504394531
72.608196387,8.58121109008789
72.658196387,8.514928817749023
72.708196388,8.355236053466797
72.758196389,8.256529808044434
72.80819639,8.14271354675293
72.85819639,8.141633033752441
72.908196391,8.109212875366211
72.958196392,8.155622482299805
73.008196393,8.094766616821289
73.058196393,8.064847946166992
73.108196394,7.943642616271973
73.158196395,7.879146099090576
73.208196396,7.734557151794434
73.258196396,7.655728816986084
73.308196397,7.49904203414917
73.358196398,7.427389621734619
73.408196398,7.275262355804443
73.458196399,7.218736171722412
73.5081964,7.079047203063965
73.558196401,7.04301643371582
73.608196401,6.911881446838379
73.658196402,6.9048614501953125
73.708196403,6.818911075592041
73.758196404,6.8645219802856445
73.808196404,6.8309526443481445
73.858196405,6.920954704284668
73.908196406,6.931718826293945
73.958196407,7.072815895080566
74.008196407,7.103045463562012
74.058196408,7.253458499908447
74.108196409,7.306695938110352
74.15819641,7.451662063598633
74.20819641,7.552011489868164
74.258196411,7.712620258331299
74.308196412,7.806945323944092
74.358196413,7.932915687561035
74.408196413,8.00610065460205
74.458196414,8.102470397949219
74.508196415,8.190912246704102
74.558196416,8.320233345031738
74.608196416,8.484366416931152
74.658196417,8.635266304016113
74.708196418,8.803595542907715
74.758196419,8.967219352722168
74.808196419,9.149816513061523
74.85819642,9.375419616699219
74.908196421,9.535780906677246
74.958196422,9.714524269104004
75.008196422,9.66262435913086
75.058196423,9.53892707824707
75.108196424,9.614023208618164
75.158196425,9.894111633300781
75.208196425,10.160505294799805
75.258196426,10.529582977294922
75.308196427,10.912187576293945
75.358196428,11.231924057006836
75.408196428,11.520694732666016
75.458196429,11.795512199401855
75.50819643,12.050803184509277
75.558196431,12.273167610168457
75.608196431,12.488300323486328
75.658196432,12.7056303024292
75.708196433,12.923237800598145
75.758196434,13.140457153320312
75.808196434,13.362349510192871
75.858196435,13.573023796081543
75.908196436,13.750809669494629
75.958196436,13.88863468170166
76.008196437,13.984261512756348
76.058196438,14.050073623657227
76.108196439,14.09793472290039
76.158196439,14.127711296081543
76.20819644,14.125846862792969
76.258196441,14.06225872039795
76.308196442,13.953108787536621
76.358196442,13.817503929138184
76.408196443,13.64614200592041
76.458196444,13.430407524108887
76.508196445,13.182947158813477
76.558196445,12.907492637634277
76.608196446,12.595096588134766
76.658196447,12.332934379577637
76.708196448,12.105416297912598
76.758196448,11.687833786010742
76.808196449,11.031970024108887
76.85819645,10.435640335083008
76.908196451,9.926219940185547
76.958196451,9.544565200805664
77.008196452,9.228621482849121
77.058196453,8.971424102783203
77.108196454,8.756868362426758
77.158196454,8.61834716796875
77.208196455,8.491637229919434
77.258196456,8.433608055114746
77.308196457,8.358349800109863
77.358196457,8.359651565551758
77.408196458,8.303648948669434
77.458196459,8.324295997619629
77.50819646,8.28625202178955
77.55819646,8.301958084106445
77.608196461,8.249536514282227
77.658196462,8.25760555267334
77.708196463,8.204240798950195
77.758196463,8.218652725219727
77.808196464,8.175261497497559
77.858196465,8.193389892578125
77.908196466,8.146368980407715
77.958196466,8.170443534851074
78.008196467,8.127579689025879
78.058196468,8.152143478393555
78.108196469,8.110725402832031
78.158196469,8.137999534606934
78.20819647,8.099129676818848
78.258196471,8.129063606262207
78.308196472,8.091997146606445
78.358196472,8.12407398223877
78.408196473,8.089045524597168
78.458196474,8.12468147277832
78.508196474,8.092862129211426
78.558196475,8.130701065063477
78.608196476,8.100358963012695
78.658196477,8.138602256774902
78.708196477,8.111695289611816
78.758196478,8.154664993286133
78.808196479,8.133788108825684
78.85819648,8.182153701782227
78.90819648,8.158609390258789
78.958196481,8.1991548538208
79.008196482,8.173036575317383
79.058196483,8.214740753173828
79.108196483,8.191888809204102
79.158196484,8.23823070526123
79.208196485,8.224444389343262
79.258196486,8.279417991638184
79.308196486,8.273807525634766
79.358196487,8.333792686462402
79.408196488,8.334234237670898
79.458196489,8.40601634979248
79.508196489,8.427281379699707
79.55819649,8.511870384216309
79.608196491,8.53908634185791
79.658196492,8.627641677856445
79.708196492,8.656509399414062
79.758196493,8.732168197631836
79.808196494,8.753886222839355
79.858196495,8.827011108398438
79.908196495,8.859874725341797
79.958196496,8.938460350036621
80.008196497,8.975811004638672
80.058196498,9.05351448059082
80.108196498,9.08851146697998
80.158196499,9.150711059570312
80.2081965,9.154748916625977
80.258196501,9.158323287963867
80.308196501,9.105435371398926
80.358196502,9.059279441833496
80.408196503,8.9414644241333
80.458196504,8.822245597839355
80.508196504,8.645977973937988
80.558196505,8.513306617736816
80.608196506,8.334745407104492
80.658196507,8.216205596923828
80.708196507,8.05686092376709
80.758196508,7.970808982849121
80.808196509,7.8215837478637695
80.85819651,7.718626022338867
80.90819651,7.532967567443848
80.958196511,7.427517414093018
81.008196512,7.2468390464782715
81.058196512,7.17935037612915
81.108196513,7.034201622009277
81.158196514,6.98757266998291
81.208196515,6.84773063659668
81.258196515,6.81184720993042
81.308196516,6.666120529174805
81.358196517,6.651771545410156
81.408196518,6.539933204650879
81.458196518,6.555002212524414
81.508196519,6.493597507476807
81.55819652,6.580801010131836
81.608196521,6.553452491760254
81.658196521,6.674173355102539
81.708196522,6.697656154632568
81.758196523,6.870204448699951
81.808196524,6.975411415100098
81.858196524,7.174143314361572
81.908196525,7.3124566078186035
81.958196526,7.538306713104248
82.008196527,7.697157859802246
82.058196527,7.9261155128479
82.108196528,8.122196197509766
82.158196529,8.379288673400879
82.20819653,8.482070922851562
82.25819653,8.50482177734375
82.308196531,8.428034782409668
82.358196532,8.33500862121582
82.408196533,8.240277290344238
82.458196533,8.210795402526855
82.508196534,8.224244117736816
82.558196535,8.291421890258789
82.608196536,8.358402252197266
82.658196536,8.51999568939209
82.708196537,8.761444091796875
82.758196538,8.992476463317871
82.808196539,9.228611946105957
82.858196539,9.471491813659668
82.90819654,9.670242309570312
82.958196541,9.871007919311523
83.008196542,10.065685272216797
83.058196542,10.11082935333252
83.108196543,10.100564956665039
83.158196544,10.263165473937988
83.208196545,10.679937362670898
83.258196545,11.0551176071167
83.308196546,11.391813278198242
83.358196547,11.699906349182129
83.408196547,11.98819637298584
83.458196548,12.257444381713867
83.508196549,12.51364803314209
83.55819655,12.758271217346191
83.60819655,12.994105339050293
83.658196551,13.218658447265625
83.708196552,13.430312156677246
83.758196553,13.63153076171875
83.808196553,13.830550193786621
83.858196554,14.02163028717041
83.908196555,14.203411102294922
83.958196556,14.375000953674316
84.008196556,14.53559684753418
84.058196557,14.673685073852539
84.108196558,14.781593322753906
84.158196559,14.857948303222656
84.208196559,14.903339385986328
84.25819656,14.923245429992676
84.308196561,14.915051460266113
84.358196562,14.87575626373291
84.408196562,14.790400505065918
84.458196563,14.633842468261719
84.508196564,14.395577430725098
84.558196565,14.074853897094727
84.608196565,13.690164566040039
84.658196566,13.280056953430176
84.708196567,12.859143257141113
84.758196568,12.537420272827148
84.808196568,12.270564079284668
84.858196569,11.835549354553223
84.90819657,11.185065269470215
84.958196571,10.613615036010742
85.008196571,10.156206130981445
85.058196572,9.780488014221191
85.108196573,9.461026191711426
85.158196574,9.195862770080566
85.208196574,8.980424880981445
85.258196575,8.796536445617676
85.308196576,8.65672779083252
85.358196577,8.520133972167969
85.408196577,8.467552185058594
85.458196578,8.39250373840332
85.508196579,8.385710716247559
85.55819658,8.331944465637207
85.60819658,8.346012115478516
85.658196581,8.308676719665527
85.708196582,8.33450984954834
85.758196583,8.300631523132324
85.808196583,8.329290390014648
85.858196584,8.295512199401855
85.908196585,8.323081016540527
85.958196585,8.289030075073242
86.008196586,8.318839073181152
86.058196587,8.2918701171875
86.108196588,8.336474418640137
86.158196588,8.329695701599121
86.208196589,8.38082218170166
86.25819659,8.366987228393555
86.308196591,8.408931732177734
86.358196591,8.389957427978516
86.408196592,8.437768936157227
86.458196593,8.439241409301758
86.508196594,8.507440567016602
86.558196594,8.523855209350586
86.608196595,8.593661308288574
86.658196596,8.59756088256836
86.708196597,8.640213012695312
86.758196597,8.62427806854248
86.808196598,8.661852836608887
86.858196599,8.656174659729004
86.9081966,8.704265594482422
86.9581966,8.712100982666016
87.008196601,8.770281791687012
87.058196602,8.756482124328613
87.108196603,8.763956069946289
87.158196603,8.693135261535645
87.208196604,8.619354248046875
87.258196605,8.456388473510742
87.308196606,8.317890167236328
87.358196606,8.1152925491333
87.408196607,7.9850897789001465
87.458196608,7.804210186004639
87.508196609,7.705411434173584
87.558196609,7.540966510772705
87.60819661,7.470460891723633
87.658196611,7.3305439949035645
87.708196612,7.295254707336426
87.758196612,7.198977947235107
87.808196613,7.22352933883667
87.858196614,7.174537658691406
87.908196615,7.239703178405762
87.958196615,7.223038196563721
88.008196616,7.3129730224609375
88.058196617,7.314613342285156
88.108196618,7.415295600891113
88.158196618,7.436903476715088
88.208196619,7.563427925109863
88.25819662,7.617164134979248
88.308196621,7.778554439544678
88.358196621,7.8707709312438965
88.408196622,8.052976608276367
88.458196623,8.154423713684082
88.508196623,8.284337043762207
88.558196624,8.297142028808594
88.608196625,8.4158353805542
88.658196626,8.533803939819336
88.708196626,8.745871543884277
88.758196627,8.916556358337402
88.808196628,9.157391548156738
88.858196629,9.365148544311523
88.908196629,9.604716300964355
88.95819663,9.830544471740723
89.008196631,10.075181007385254
89.058196632,10.076438903808594
89.108196632,10.03234577178955
89.158196633,10.275586128234863
89.208196634,10.64964485168457
89.258196635,10.987176895141602
89.308196635,11.285079002380371
89.358196636,11.548860549926758
89.408196637,11.767958641052246
89.458196638,11.93300724029541
89.508196638,12.029424667358398
89.558196639,12.014493942260742
89.60819664,11.88112735748291
89.658196641,11.612569808959961
89.708196641,11.302244186401367
89.758196642,11.071351051330566
89.808196643,11.026275634765625
89.858196644,11.003162384033203
89.908196644,10.538386344909668
89.958196645,10.207024574279785
90.008196646,10.004932403564453
90.058196647,9.906363487243652
90.108196647,9.892293930053711
90.158196648,9.94601821899414
90.208196649,10.049474716186523
90.25819665,10.18879508972168
90.30819665,10.347335815429688
90.358196651,10.477727890014648
90.408196652,10.534252166748047
90.458196653,10.487738609313965
90.508196653,10.36826229095459
90.558196654,10.192880630493164
90.608196655,9.96949577331543
90.658196656,9.732928276062012
90.708196656,9.490409851074219
90.758196657,9.263129234313965
90.808196658,9.07494068145752
90.858196659,8.929710388183594
90.908196659,8.82047176361084
90.95819666,8.74238109588623
91.008196661,8.662250518798828
91.058196661,8.614006042480469
91.108196662,8.564831733703613
91.158196663,8.546904563903809
91.208196664,8.528311729431152
91.258196664,8.524518966674805
91.308196665,8.527530670166016
91.358196666,8.557650566101074
91.408196667,8.588623046875
91.458196667,8.62255859375
91.508196668,8.677629470825195
91.558196669,8.788214683532715
91.60819667,8.917648315429688
91.65819667,9.042393684387207
91.708196671,9.13136100769043
91.758196672,9.1832914352417
91.808196673,9.195924758911133
91.858196673,9.18233585357666
91.908196674,9.150443077087402
91.958196675,9.108333587646484
92.008196676,9.054004669189453
92.058196676,8.993865013122559
92.108196677,8.925870895385742
92.158196678,8.857536315917969
92.208196679,8.78837776184082
92.258196679,8.721540451049805
92.30819668,8.650938987731934
92.358196681,8.580900192260742
92.408196682,8.514366149902344
92.458196682,8.452341079711914
92.508196683,8.395774841308594
92.558196684,8.343029022216797
92.608196685,8.294031143188477
92.65819668500001,8.249005317687988
92.708196686,8.212246894836426
92.758196687,8.185233116149902
92.808196688,8.17277717590332
92.858196688,8.162656784057617
92.908196689,8.152725219726562
92.95819669,8.143132209777832
93.008196691,8.134953498840332
93.058196691,8.128998756408691
93.108196692,8.125164985656738
93.158196693,8.128597259521484
93.208196694,8.1422119140625
93.258196694,8.154356002807617
93.308196695,8.165116310119629
93.358196696,8.173834800720215
93.408196697,8.182137489318848
93.458196697,8.189207077026367
93.508196698,8.196391105651855
93.558196699,8.205187797546387
93.608196699,8.212355613708496
93.6581967,8.220253944396973
93.708196701,8.226805686950684
93.758196702,8.232425689697266
93.808196702,8.243752479553223
93.858196703,8.261639595031738
93.908196704,8.275771141052246
93.958196705,8.287543296813965
94.008196705,8.298091888427734
94.058196706,8.308385848999023
94.108196707,8.31855297088623
94.158196708,8.326107025146484
94.208196708,8.343252182006836
94.258196709,8.363765716552734
94.30819671,8.385713577270508
94.358196711,8.414379119873047
94.408196711,8.438547134399414
94.458196712,8.450871467590332
94.508196713,8.459774017333984
94.558196714,8.482447624206543
94.608196714,8.518869400024414
94.658196715,8.565600395202637
94.708196716,8.62057113647461
94.758196717,8.66640853881836
94.808196717,8.660545349121094
94.858196718,8.648079872131348
94.908196719,8.652790069580078
94.95819672,8.674509048461914
95.00819672,8.698834419250488
95.058196721,8.664112091064453
95.108196722,8.575238227844238
95.158196723,8.450257301330566
95.208196723,8.30473518371582
95.258196724,8.15040111541748
95.308196725,7.992639541625977
95.358196726,7.836782932281494
95.408196726,7.685657024383545
95.458196727,7.536006927490234
95.508196728,7.3935651779174805
95.558196729,7.264002799987793
95.608196729,7.149147033691406
95.65819673,7.045989990234375
95.708196731,6.957444190979004
95.758196732,6.881148338317871
95.808196732,6.822569370269775
95.858196733,6.770823955535889
95.908196734,6.722044944763184
95.958196735,6.693498134613037
96.008196735,6.685840606689453
96.058196736,6.700480937957764
96.108196737,6.74630069732666
96.158196737,6.817911624908447
96.208196738,6.913022518157959
96.258196739,7.006028652191162
96.30819674,7.1581950187683105
96.35819674,7.297275066375732
96.408196741,7.472306251525879
96.458196742,7.60001277923584
96.508196743,7.760235786437988
96.558196743,7.900101661682129
96.608196744,8.081698417663574
96.658196745,8.230355262756348
96.708196746,8.412571907043457
96.758196746,8.579388618469238
96.808196747,8.770681381225586
96.858196748,8.955931663513184
96.908196749,9.191136360168457
96.958196749,9.37552547454834
97.00819675,9.613503456115723
97.058196751,9.692671775817871
97.108196752,9.613296508789062
97.158196752,9.631417274475098
97.208196753,10.00002670288086
97.258196754,10.250992774963379
97.308196755,10.425060272216797
97.358196755,10.631511688232422
97.408196756,10.865822792053223
97.458196757,11.112104415893555
97.508196758,11.361092567443848
97.558196758,11.580527305603027
97.608196759,11.808281898498535
97.65819676,12.028854370117188
97.708196761,12.240825653076172
97.758196761,12.449381828308105
97.808196762,12.669241905212402
97.858196763,12.88690185546875
97.908196764,13.09307861328125
97.958196764,13.292963981628418
98.008196765,13.498785972595215
98.058196766,13.708970069885254
98.108196767,13.919295310974121
98.158196767,14.131738662719727
98.208196768,14.3405122756958
98.258196769,14.549215316772461
98.30819677,14.741296768188477
98.35819677,14.884621620178223
98.408196771,14.982516288757324
98.458196772,15.045281410217285
98.508196773,15.087450981140137
98.558196773,15.126714706420898
98.608196774,15.170854568481445
98.658196775,15.22093677520752
98.708196775,15.270731925964355
98.758196776,15.310100555419922
98.808196777,15.294836044311523
98.858196778,15.221835136413574
98.908196778,15.104415893554688
98.958196779,14.950528144836426
99.00819678,14.751668930053711
99.058196781,14.511724472045898
99.108196781,14.234031677246094
99.158196782,13.922223091125488
99.208196783,13.574185371398926
99.258196784,13.176722526550293
99.308196784,12.758780479431152
99.358196785,12.498537063598633
99.408196786,12.231197357177734
99.458196787,11.615788459777832
99.508196787,10.962496757507324
99.558196788,10.389339447021484
99.608196789,9.952851295471191
99.65819679,9.608224868774414
99.70819679,9.327302932739258
99.758196791,9.095645904541016
99.808196792,8.914868354797363
99.858196793,8.758072853088379
99.908196793,8.653921127319336
99.958196794,8.541232109069824
100.008196795,8.491044044494629
100.058196796,8.39638614654541
100.108196796,8.365693092346191
100.158196797,8.285819053649902
100.208196798,8.27296257019043
100.258196799,8.202369689941406
100.308196799,8.196474075317383
100.3581968,8.135232925415039
100.408196801,8.15088939666748
100.458196802,8.10350513458252
100.508196802,8.126585960388184
100.558196803,8.088421821594238
100.608196804,8.124378204345703
100.658196805,8.091828346252441
100.708196805,8.12939739227295
100.758196806,8.100213050842285
100.808196807,8.139290809631348
100.858196808,8.111125946044922
100.908196808,8.151982307434082
100.958196809,8.126749038696289
101.00819681,8.170592308044434
101.058196811,8.148673057556152
101.108196811,8.196086883544922
101.158196812,8.173203468322754
101.208196813,8.213702201843262
101.258196813,8.186607360839844
101.308196814,8.223012924194336
101.358196815,8.193727493286133
101.408196816,8.232083320617676
101.458196816,8.208003044128418
101.508196817,8.249473571777344
101.558196818,8.229537963867188
101.608196819,8.276407241821289
101.658196819,8.26492977142334
101.70819682,8.335127830505371
101.758196821,8.355949401855469
101.808196822,8.439275741577148
101.858196822,8.448089599609375
101.908196823,8.501237869262695
101.958196824,8.482657432556152
102.008196825,8.510159492492676
102.058196825,8.484310150146484
102.108196826,8.529525756835938
102.158196827,8.537941932678223
102.208196828,8.617033004760742
102.258196828,8.647967338562012
102.308196829,8.73015308380127
102.35819683,8.745630264282227
102.408196831,8.760143280029297
102.458196831,8.67733097076416
102.508196832,8.60672378540039
102.558196833,8.488463401794434
102.608196834,8.417487144470215
102.658196834,8.26087474822998
102.708196835,8.139252662658691
102.758196836,7.945757865905762
102.808196837,7.822934150695801
102.858196837,7.657905101776123
102.908196838,7.6105499267578125
102.958196839,7.508110523223877
103.00819684,7.482020854949951
103.05819684,7.366216659545898
103.108196841,7.330169200897217
103.158196842,7.201526165008545
103.208196843,7.1664581298828125
103.258196843,7.0410308837890625
103.308196844,7.0166778564453125
103.358196845,6.89690637588501
103.408196846,6.886700630187988
103.458196846,6.783034801483154
103.508196847,6.793023586273193
103.558196848,6.7141289710998535
103.608196849,6.760438442230225
103.658196849,6.7229838371276855
103.70819685,6.823355674743652
103.758196851,6.834396839141846
103.808196851,6.9738688468933105
103.858196852,7.020238399505615
103.908196853,7.174896717071533
103.958196854,7.21672248840332
104.008196854,7.388180732727051
104.058196855,7.449379920959473
104.108196856,7.58663272857666
104.158196857,7.666882514953613
104.208196857,7.808724880218506
104.258196858,7.883789539337158
104.308196859,7.995723724365234
104.35819686,8.06260871887207
104.40819686,8.173773765563965
104.458196861,8.294387817382812
104.508196862,8.440495491027832
104.558196863,8.598211288452148
104.608196863,8.759241104125977
104.658196864,8.96212387084961
104.708196865,9.19117546081543
104.758196866,9.382691383361816
104.808196866,9.6067476272583
104.858196867,9.76649284362793
104.908196868,9.645955085754395
104.958196869,9.550806045532227
105.008196869,9.766036987304688
105.05819687,9.988875389099121
105.108196871,10.211466789245605
105.158196872,10.4774169921875
105.208196872,10.834452629089355
105.258196873,11.157718658447266
105.308196874,11.443208694458008
105.358196875,11.710946083068848
105.408196875,11.967270851135254
105.458196876,12.202005386352539
105.508196877,12.410592079162598
105.558196878,12.62133502960205
105.608196878,12.835755348205566
105.658196879,13.047740936279297
105.70819688,13.268610954284668
105.758196881,13.482473373413086
105.808196881,13.684070587158203
105.858196882,13.849892616271973
105.908196883,13.976115226745605
105.958196884,14.063838005065918
106.008196884,14.125081062316895
106.058196885,14.171457290649414
106.108196886,14.192152976989746
106.158196887,14.127233505249023
106.208196887,14.010721206665039
106.258196888,13.862536430358887
106.308196889,13.679850578308105
106.358196889,13.47289752960205
106.40819689,13.231428146362305
106.458196891,12.961129188537598
106.508196892,12.689532279968262
106.558196892,12.4721040725708
106.608196893,12.307291030883789
106.658196894,11.977141380310059
106.708196895,11.302796363830566
106.758196895,10.674187660217285
106.808196896,10.12287712097168
106.858196897,9.693331718444824
106.908196898,9.351461410522461
106.958196898,9.072555541992188
107.008196899,8.84810733795166
107.0581969,8.686296463012695
107.108196901,8.538371086120605
107.158196901,8.468979835510254
107.208196902,8.390376091003418
107.258196903,8.384867668151855
107.308196904,8.326912879943848
107.358196904,8.337785720825195
107.408196905,8.2868013381958
107.458196906,8.289633750915527
107.508196907,8.231340408325195
107.558196907,8.243175506591797
107.608196908,8.192888259887695
107.658196909,8.209198951721191
107.70819691,8.158531188964844
107.75819691,8.174856185913086
107.808196911,8.12801456451416
107.858196912,8.151951789855957
107.908196913,8.112305641174316
107.958196913,8.138535499572754
108.008196914,8.09689998626709
108.058196915,8.123739242553711
108.108196916,8.083588600158691
108.158196916,8.112462043762207
108.208196917,8.073529243469238
108.258196918,8.10502815246582
108.308196919,8.067047119140625
108.358196919,8.09862995147705
108.40819692,8.06086540222168
108.458196921,8.09288501739502
108.508196922,8.056926727294922
108.558196922,8.092508316040039
108.608196923,8.062276840209961
108.658196924,8.102558135986328
108.708196924,8.077924728393555
108.758196925,8.124846458435059
108.808196926,8.107912063598633
108.858196927,8.16473388671875
108.908196927,8.150985717773438
108.958196928,8.204723358154297
109.008196929,8.191465377807617
109.05819693,8.242457389831543
109.10819693,8.228679656982422
109.158196931,8.280879974365234
109.208196932,8.2701997756958
109.258196933,8.324853897094727
109.308196933,8.31588077545166
109.358196934,8.368768692016602
109.408196935,8.359886169433594
109.458196936,8.412368774414062
109.508196936,8.406085014343262
109.558196937,8.462532043457031
109.608196938,8.464553833007812
109.658196939,8.526288032531738
109.708196939,8.532966613769531
109.75819694,8.601240158081055
109.808196941,8.621556282043457
109.858196942,8.700518608093262
109.908196942,8.731095314025879
109.958196943,8.802759170532227
110.008196944,8.808436393737793
110.058196945,8.856318473815918
110.108196945,8.869034767150879
110.158196946,8.935112953186035
110.208196947,8.957832336425781
110.258196948,9.012237548828125
110.308196948,9.023605346679688
110.358196949,9.03100872039795
110.40819695,8.94546127319336
110.458196951,8.853079795837402
110.508196951,8.688759803771973
110.558196952,8.546165466308594
110.608196953,8.339554786682129
110.658196954,8.182784080505371
110.708196954,7.965207576751709
110.758196955,7.7932963371276855
110.808196956,7.554976940155029
110.858196957,7.394193649291992
110.908196957,7.186336994171143
110.958196958,7.08322286605835
111.008196959,6.913844585418701
111.05819696,6.875102996826172
111.10819696,6.748006343841553
111.158196961,6.743562698364258
111.208196962,6.660702705383301
111.258196962,6.710068225860596
111.308196963,6.6247382164001465
111.358196964,6.675796985626221
111.408196965,6.624863624572754
111.458196965,6.726625919342041
111.508196966,6.7169060707092285
111.558196967,6.82226037979126
111.608196968,6.815876483917236
111.658196968,6.9167633056640625
111.708196969,6.996494770050049
111.75819697,7.198757648468018
111.808196971,7.326505661010742
111.858196971,7.532977104187012
111.908196972,7.6876301765441895
111.958196973,7.903808116912842
112.008196974,8.051749229431152
112.058196974,8.222981452941895
112.108196975,8.305906295776367
112.158196976,8.326211929321289
112.208196977,8.263379096984863
112.258196977,8.164612770080566
112.308196978,7.999424457550049
112.358196979,7.859349727630615
112.40819698,7.731833457946777
112.45819698,7.69486141204834
112.508196981,7.689519882202148
112.558196982,7.755148887634277
112.608196983,7.896790027618408
112.658196983,8.19045639038086
112.708196984,8.412843704223633
112.758196985,8.687767028808594
112.808196986,8.911273956298828
112.858196986,9.135626792907715
112.908196987,9.332192420959473
112.958196988,9.561063766479492
113.008196989,9.777193069458008
113.058196989,10.021451950073242
113.10819699,10.079689025878906
113.158196991,10.090116500854492
113.208196992,10.258011817932129
113.258196992,10.676743507385254
113.308196993,11.047449111938477
113.358196994,11.38762378692627
113.408196995,11.698540687561035
113.458196995,11.986129760742188
113.508196996,12.25582218170166
113.558196997,12.510811805725098
113.608196998,12.75430965423584
113.658196998,12.98878288269043
113.708196999,13.209893226623535
113.758197,13.418478965759277
113.808197,13.61899471282959
113.858197001,13.809720993041992
113.908197002,13.989577293395996
113.958197003,14.153773307800293
114.008197003,14.304585456848145
114.058197004,14.42617416381836
114.108197005,14.511249542236328
114.158197006,14.563081741333008
114.208197006,14.589966773986816
114.258197007,14.598681449890137
114.308197008,14.58849811553955
114.358197009,14.555305480957031
114.408197009,14.493408203125
114.45819701,14.387626647949219
114.508197011,14.21513557434082
114.558197012,13.953709602355957
114.608197012,13.61331844329834
114.658197013,13.213505744934082
114.708197014,12.801719665527344
114.758197015,12.455195426940918
114.808197015,12.196052551269531
114.858197016,11.845012664794922
114.908197017,11.173279762268066
114.958197018,10.567985534667969
115.008197018,10.056524276733398
115.058197019,9.666398048400879
115.10819702,9.340021133422852
115.158197021,9.074228286743164
115.208197021,8.850126266479492
115.258197022,8.680752754211426
115.308197023,8.526568412780762
115.358197024,8.44853687286377
115.408197024,8.360042572021484
115.458197025,8.359002113342285
115.508197026,8.310955047607422
115.558197027,8.333398818969727
115.608197027,8.298066139221191
115.658197028,8.327654838562012
115.708197029,8.300493240356445
115.75819703,8.343659400939941
115.80819703,8.329397201538086
115.858197031,8.372587203979492
115.908197032,8.348081588745117
115.958197033,8.380221366882324
116.008197033,8.35042667388916
116.058197034,8.383130073547363
116.108197035,8.35507869720459
116.158197036,8.38341999053955
116.208197036,8.349332809448242
116.258197037,8.37475872039795
116.308197038,8.344181060791016
116.358197038,8.384588241577148
116.408197039,8.381752014160156
116.45819704,8.445913314819336
116.508197041,8.453137397766113
116.558197041,8.525519371032715
116.608197042,8.544904708862305
116.658197043,8.610278129577637
116.708197044,8.598869323730469
116.758197044,8.625494003295898
116.808197045,8.59440803527832
116.858197046,8.612153053283691
116.908197047,8.586038589477539
116.958197047,8.629918098449707
117.008197048,8.633755683898926
117.058197049,8.701071739196777
117.10819705,8.711345672607422
117.15819705,8.712992668151855
117.208197051,8.60191822052002
117.258197052,8.498550415039062
117.308197053,8.31824016571045
117.358197053,8.180182456970215
117.408197054,7.983104228973389
117.458197055,7.863381862640381
117.508197056,7.68607759475708
117.558197056,7.592185974121094
117.608197057,7.4300923347473145
117.658197058,7.365935802459717
117.708197059,7.240297317504883
117.758197059,7.234220504760742
117.80819706,7.16276741027832
117.858197061,7.2069902420043945
117.908197062,7.1748738288879395
117.958197062,7.254931926727295
118.008197063,7.251833915710449
118.058197064,7.353361129760742
118.108197065,7.364974498748779
118.158197065,7.473800182342529
118.208197066,7.492522239685059
118.258197067,7.609046936035156
118.308197068,7.6559319496154785
118.358197068,7.815432071685791
118.408197069,7.912550449371338
118.45819707,8.100872039794922
118.508197071,8.227608680725098
118.558197071,8.4058837890625
118.608197072,8.475541114807129
118.658197073,8.620481491088867
118.708197074,8.770922660827637
118.758197074,8.9849271774292
118.808197075,9.178080558776855
118.858197076,9.426217079162598
118.908197076,9.679966926574707
118.958197077,9.921342849731445
119.008197078,9.974925994873047
119.058197079,9.963665962219238
119.108197079,10.105768203735352
119.15819708,10.49649715423584
119.208197081,10.840654373168945
119.258197082,11.162514686584473
119.308197082,11.436440467834473
119.358197083,11.66740894317627
119.408197084,11.854555130004883
119.458197085,11.987016677856445
119.508197085,12.042425155639648
119.558197086,12.009652137756348
119.608197087,11.894840240478516
119.658197088,11.682695388793945
119.708197088,11.399859428405762
119.758197089,11.165553092956543
119.80819709,11.050766944885254
119.858197091,10.834850311279297
119.908197091,10.404294967651367
119.958197092,10.080157279968262
120.008197093,9.88144302368164
120.058197094,9.795721054077148
120.108197094,9.79969596862793
120.158197095,9.869715690612793
120.208197096,9.985519409179688
120.258197097,10.13305950164795
120.308197097,10.29537296295166
120.358197098,10.438148498535156
120.408197099,10.48363208770752
120.4581971,10.434325218200684
120.5081971,10.309673309326172
120.558197101,10.128573417663574
120.608197102,9.90668773651123
120.658197103,9.68282413482666
120.708197103,9.475452423095703
120.758197104,9.305420875549316
120.808197105,9.185635566711426
120.858197106,9.079522132873535
120.908197106,8.986950874328613
120.958197107,8.866461753845215
121.008197108,8.780259132385254
121.058197109,8.668959617614746
121.108197109,8.631617546081543
121.15819711,8.561569213867188
121.208197111,8.56152629852295
121.258197112,8.521504402160645
121.308197112,8.540809631347656
121.358197113,8.509095191955566
121.408197114,8.54391098022461
121.458197114,8.53868579864502
121.508197115,8.579068183898926
121.558197116,8.620133399963379
121.608197117,8.758162498474121
121.658197117,8.85897445678711
121.708197118,8.985281944274902
121.758197119,9.037543296813965
121.80819712,9.10327434539795
121.85819712,9.100031852722168
121.908197121,9.104777336120605
121.958197122,9.05502986907959
122.008197123,9.028736114501953
122.058197123,8.952400207519531
122.108197124,8.89946460723877
122.158197125,8.802807807922363
122.208197126,8.75173568725586
122.258197126,8.65685749053955
122.308197127,8.607197761535645
122.358197128,8.514239311218262
122.408197129,8.48681926727295
122.458197129,8.408856391906738
122.50819713,8.384928703308105
122.558197131,8.30333137512207
122.608197132,8.282088279724121
122.658197132,8.203880310058594
122.708197133,8.194879531860352
122.758197134,8.131385803222656
122.808197135,8.14943790435791
122.858197135,8.112678527832031
122.908197136,8.147801399230957
122.958197137,8.124231338500977
123.008197138,8.165708541870117
123.058197138,8.139796257019043
123.108197139,8.179980278015137
123.15819714,8.150632858276367
123.208197141,8.187660217285156
123.258197141,8.158411026000977
123.308197142,8.19766616821289
123.358197143,8.170828819274902
123.408197144,8.208155632019043
123.458197144,8.177841186523438
123.508197145,8.212428092956543
123.558197146,8.183049201965332
123.608197147,8.218210220336914
123.658197147,8.18807315826416
123.708197148,8.22433090209961
123.758197149,8.197012901306152
123.80819715,8.23830509185791
123.85819715,8.214890480041504
123.908197151,8.260245323181152
123.958197152,8.248607635498047
124.008197152,8.299345016479492
124.058197153,8.28498363494873
124.108197154,8.329983711242676
124.158197155,8.306495666503906
124.208197155,8.33997917175293
124.258197156,8.318155288696289
124.308197157,8.371440887451172
124.358197158,8.368922233581543
124.408197158,8.442106246948242
124.458197159,8.464303970336914
124.50819716,8.537644386291504
124.558197161,8.549627304077148
124.608197161,8.626958847045898
124.658197162,8.654194831848145
124.708197163,8.73457145690918
124.758197164,8.76492977142334
124.808197164,8.830341339111328
124.858197165,8.826570510864258
124.908197166,8.877164840698242
124.958197167,8.879131317138672
125.008197167,8.876982688903809
125.058197168,8.770605087280273
125.108197169,8.661779403686523
125.15819717,8.514327049255371
125.20819717,8.439559936523438
125.258197171,8.291199684143066
125.308197172,8.180180549621582
125.358197173,8.003778457641602
125.408197173,7.895748615264893
125.458197174,7.713861465454102
125.508197175,7.606371879577637
125.558197176,7.429958343505859
125.608197176,7.346893310546875
125.658197177,7.191989421844482
125.708197178,7.140510559082031
125.758197179,7.008975982666016
125.808197179,6.985270023345947
125.85819718,6.875285625457764
125.908197181,6.876796722412109
125.958197182,6.784548282623291
126.008197182,6.824376106262207
126.058197183,6.77865743637085
126.108197184,6.871760845184326
126.158197185,6.888580322265625
126.208197185,7.038564205169678
126.258197186,7.104828834533691
126.308197187,7.275058746337891
126.358197188,7.373833656311035
126.408197188,7.547651767730713
126.458197189,7.656105995178223
126.50819719,7.816612243652344
126.55819719,7.939192295074463
126.608197191,8.084041595458984
126.658197192,8.195170402526855
126.708197193,8.339723587036133
126.758197193,8.492325782775879
126.808197194,8.654802322387695
126.858197195,8.845019340515137
126.908197196,9.032470703125
126.958197196,9.263185501098633
127.008197197,9.505349159240723
127.058197198,9.679719924926758
127.108197199,9.808761596679688
127.158197199,9.669415473937988
127.2081972,9.602439880371094
127.258197201,9.880303382873535
127.308197202,10.04234504699707
127.358197202,10.153653144836426
127.408197203,10.278792381286621
127.458197204,10.482539176940918
127.508197205,10.692963600158691
127.558197205,10.885214805603027
127.608197206,11.08527660369873
127.658197207,11.284106254577637
127.708197208,11.48386287689209
127.758197208,11.684701919555664
127.808197209,11.884991645812988
127.85819721,12.096940994262695
127.908197211,12.302298545837402
127.958197211,12.498247146606445
128.008197212,12.700039863586426
128.058197213,12.904102325439453
128.108197214,13.111474990844727
128.158197214,13.321762084960938
128.208197215,13.531787872314453
128.258197216,13.738157272338867
128.308197217,13.947137832641602
128.358197217,14.15422534942627
128.408197218,14.348395347595215
128.458197219,14.494186401367188
128.50819722,14.595003128051758
128.55819722,14.667485237121582
128.608197221,14.730657577514648
128.658197222,14.793729782104492
128.708197223,14.865724563598633
128.758197223,14.938979148864746
128.808197224,15.005138397216797
128.858197225,15.056647300720215
128.908197226,15.061662673950195
128.958197226,15.01089859008789
129.008197227,14.914283752441406
129.058197228,14.776033401489258
129.108197228,14.577348709106445
129.158197229,14.311476707458496
129.20819723,14.016188621520996
129.258197231,13.68701171875
129.308197231,13.295002937316895
129.358197232,12.878530502319336
129.408197233,12.556984901428223
129.458197234,12.288501739501953
129.508197234,11.843210220336914
129.558197235,11.176876068115234
129.608197236,10.588162422180176
129.658197237,10.132415771484375
129.708197237,9.761448860168457
129.758197238,9.453533172607422
129.808197239,9.199625968933105
129.85819724,8.997581481933594
129.90819724,8.825299263000488
129.958197241,8.696362495422363
130.008197242,8.56602954864502
130.058197243,8.510297775268555
130.108197243,8.421059608459473
130.158197244,8.404052734375
130.208197245,8.358829498291016
130.258197246,8.379302024841309
130.308197246,8.328933715820312
130.358197247,8.333343505859375
130.408197248,8.282011985778809
130.458197249,8.301326751708984
130.508197249,8.262471199035645
130.55819725,8.290477752685547
130.608197251,8.252900123596191
130.658197252,8.276576042175293
130.708197252,8.235891342163086
130.758197253,8.258633613586426
130.808197254,8.2183256149292
130.858197255,8.244474411010742
130.908197255,8.208661079406738
130.958197256,8.238224983215332
131.008197257,8.20580768585205
131.058197258,8.237009048461914
131.108197258,8.203939437866211
131.158197259,8.238287925720215
131.20819726,8.209593772888184
131.258197261,8.245271682739258
131.308197261,8.21529769897461
131.358197262,8.250361442565918
131.408197263,8.223249435424805
131.458197264,8.261091232299805
131.508197264,8.236984252929688
131.558197265,8.278709411621094
131.608197266,8.262896537780762
131.658197266,8.319135665893555
131.708197267,8.308541297912598
131.758197268,8.352057456970215
131.808197269,8.322733879089355
131.858197269,8.359208106994629
131.90819727,8.351630210876465
131.958197271,8.404448509216309
132.008197272,8.365923881530762
132.058197272,8.356120109558105
132.108197273,8.28469181060791
132.158197274,8.285472869873047
132.208197275,8.24301815032959
132.258197275,8.283968925476074
132.308197276,8.277101516723633
132.358197277,8.34696102142334
132.408197278,8.351375579833984
132.458197278,8.38176441192627
132.508197279,8.294178009033203
132.55819728,8.25878620147705
132.608197281,8.188600540161133
132.658197281,8.200905799865723
132.708197282,8.158242225646973
132.758197283,8.21045970916748
132.808197284,8.208817481994629
132.858197284,8.254796981811523
132.908197285,8.187154769897461
132.958197286,8.146611213684082
133.008197287,8.014421463012695
133.058197287,7.931959629058838
133.108197288,7.772447109222412
133.158197289,7.6866326332092285
133.20819729,7.528724193572998
133.25819729,7.454731464385986
133.308197291,7.2906365394592285
133.358197292,7.212217807769775
133.408197293,7.047580718994141
133.458197293,6.990971088409424
133.508197294,6.8531084060668945
133.558197295,6.82597541809082
133.608197296,6.7120256423950195
133.658197296,6.704383373260498
133.708197297,6.609624862670898
133.758197298,6.644472599029541
133.808197299,6.594228744506836
133.858197299,6.688671112060547
133.9081973,6.703699588775635
133.958197301,6.848280906677246
134.008197301,6.904041767120361
134.058197302,7.0803914070129395
134.108197303,7.194230556488037
134.158197304,7.383963108062744
134.208197304,7.463816165924072
134.258197305,7.672256946563721
134.308197306,7.766298770904541
134.358197307,7.924290180206299
134.408197307,7.962019920349121
134.458197308,8.118799209594727
134.508197309,8.191279411315918
134.55819731,8.341643333435059
134.60819731,8.436433792114258
134.658197311,8.60494327545166
134.708197312,8.739922523498535
134.758197313,8.972411155700684
134.808197313,9.185115814208984
134.858197314,9.388385772705078
134.908197315,9.607111930847168
134.958197316,9.762189865112305
135.008197316,9.697636604309082
135.058197317,9.600297927856445
135.108197318,9.70228385925293
135.158197319,9.945587158203125
135.208197319,10.189374923706055
135.25819732,10.541197776794434
135.308197321,10.909618377685547
135.358197322,11.218072891235352
135.408197322,11.497726440429688
135.458197323,11.764765739440918
135.508197324,12.019777297973633
135.558197325,12.254443168640137
135.608197325,12.474864959716797
135.658197326,12.68077278137207
135.708197327,12.893770217895508
135.758197328,13.10635757446289
135.808197328,13.323904037475586
135.858197329,13.541584968566895
135.90819733,13.733853340148926
135.958197331,13.896627426147461
136.008197331,14.013808250427246
136.058197332,14.09378719329834
136.108197333,14.147055625915527
136.158197334,14.177034378051758
136.208197334,14.147278785705566
136.258197335,14.039515495300293
136.308197336,13.89717960357666
136.358197337,13.73121166229248
136.408197337,13.545073509216309
136.458197338,13.344061851501465
136.508197339,13.11584186553955
136.558197339,12.856423377990723
136.60819734,12.58401107788086
136.658197341,12.435858726501465
136.708197342,12.254117965698242
136.758197342,11.747891426086426
136.808197343,11.090131759643555
136.858197344,10.48864459991455
136.908197345,9.968743324279785
136.958197345,9.568767547607422
137.008197346,9.23909854888916
137.058197347,8.969746589660645
137.108197348,8.75611686706543
137.158197348,8.593805313110352
137.208197349,8.466894149780273
137.25819735,8.396034240722656
137.308197351,8.332025527954102
137.358197351,8.352143287658691
137.408197352,8.326659202575684
137.458197353,8.353364944458008
137.508197354,8.314949989318848
137.558197354,8.339073181152344
137.608197355,8.295499801635742
137.658197356,8.311418533325195
137.708197357,8.264476776123047
137.758197357,8.281076431274414
137.808197358,8.233454704284668
137.858197359,8.247636795043945
137.90819736,8.19871997833252
137.95819736,8.214046478271484
138.008197361,8.165546417236328
138.058197362,8.183408737182617
138.108197363,8.141257286071777
138.158197363,8.175793647766113
138.208197364,8.143060684204102
138.258197365,8.175814628601074
138.308197366,8.140135765075684
138.358197366,8.169977188110352
138.408197367,8.131779670715332
138.458197368,8.159501075744629
138.508197369,8.121471405029297
138.558197369,8.151957511901855
138.60819737,8.116815567016602
138.658197371,8.152275085449219
138.708197372,8.121988296508789
138.758197372,8.162004470825195
138.808197373,8.134315490722656
138.858197374,8.173786163330078
138.908197375,8.147184371948242
138.958197375,8.18736743927002
139.008197376,8.164604187011719
139.058197377,8.215198516845703
139.108197377,8.204822540283203
139.158197378,8.259708404541016
139.208197379,8.247015953063965
139.25819738,8.295404434204102
139.30819738,8.277449607849121
139.358197381,8.320136070251465
139.408197382,8.303474426269531
139.458197383,8.355301856994629
139.508197383,8.351513862609863
139.558197384,8.422353744506836
139.608197385,8.443039894104004
139.658197386,8.534736633300781
139.708197386,8.576704025268555
139.758197387,8.674654960632324
139.808197388,8.719584465026855
139.858197389,8.809080123901367
139.908197389,8.82599925994873
139.95819739,8.863229751586914
140.008197391,8.849271774291992
140.058197392,8.888121604919434
140.108197392,8.891350746154785
140.158197393,8.934006690979004
140.208197394,8.921451568603516
140.258197395,8.951717376708984
140.308197395,8.917746543884277
140.358197396,8.920975685119629
140.408197397,8.85616683959961
140.458197398,8.788862228393555
140.508197398,8.6398344039917
140.558197399,8.517319679260254
140.6081974,8.344780921936035
140.658197401,8.232386589050293
140.708197401,8.064972877502441
140.758197402,7.948578357696533
140.808197403,7.756591320037842
140.858197404,7.6291632652282715
140.908197404,7.418497085571289
140.958197405,7.294221878051758
141.008197406,7.086381912231445
141.058197407,6.982004165649414
141.108197407,6.79312801361084
141.158197408,6.73721981048584
141.208197409,6.5855817794799805
141.25819741,6.564944744110107
141.30819741,6.46708869934082
141.358197411,6.4945268630981445
141.408197412,6.397988319396973
141.458197413,6.451236724853516
141.508197413,6.392815589904785
141.558197414,6.450065612792969
141.608197415,6.43254280090332
141.658197415,6.587197303771973
141.708197416,6.613709449768066
141.758197417,6.741183757781982
141.808197418,6.815678119659424
141.858197418,6.988809585571289
141.908197419,7.123551845550537
141.95819742,7.3449811935424805
142.008197421,7.510558128356934
142.058197421,7.734455108642578
142.108197422,7.910211563110352
142.158197423,8.133280754089355
142.208197424,8.285040855407715
142.258197424,8.39184284210205
142.308197425,8.407127380371094
142.358197426,8.408697128295898
142.408197427,8.404130935668945
142.458197427,8.452644348144531
142.508197428,8.523226737976074
142.558197429,8.630280494689941
142.60819743,8.742624282836914
142.65819743,8.85269546508789
142.708197431,8.92737102508545
142.758197432,9.029438018798828
142.808197433,9.1105318069458
142.858197433,9.171085357666016
142.908197434,9.239818572998047
142.958197435,9.33206558227539
143.008197436,9.446765899658203
143.058197436,9.603157997131348
143.108197437,9.782144546508789
143.158197438,9.98310375213623
143.208197439,10.20017147064209
143.258197439,10.26125717163086
143.30819744,10.27132511138916
143.358197441,10.439888954162598
143.408197442,10.852590560913086
143.458197442,11.220544815063477
143.508197443,11.553427696228027
143.558197444,11.85855484008789
143.608197445,12.140968322753906
143.658197445,12.406326293945312
143.708197446,12.65719985961914
143.758197447,12.894034385681152
143.808197448,13.118534088134766
143.858197448,13.329066276550293
143.908197449,13.528353691101074
143.95819745,13.710728645324707
144.008197451,13.887372970581055
144.058197451,14.05892276763916
144.108197452,14.195352554321289
144.158197453,14.288009643554688
144.208197453,14.34560775756836
144.258197454,14.378145217895508
144.308197455,14.389592170715332
144.358197456,14.380143165588379
144.408197456,14.354636192321777
144.458197457,14.311965942382812
144.508197458,14.242806434631348
144.558197459,14.100217819213867
144.608197459,13.858912467956543
144.65819746,13.532112121582031
144.708197461,13.148748397827148
144.758197462,12.756339073181152
144.808197462,12.428141593933105
144.858197463,12.195230484008789
144.908197464,11.867683410644531
144.958197465,11.213630676269531
145.008197465,10.61670970916748
145.058197466,10.101691246032715
145.108197467,9.701252937316895
145.158197468,9.36268424987793
145.208197468,9.092339515686035
145.258197469,8.873229026794434
145.30819747,8.718811988830566
145.358197471,8.57509708404541
145.408197471,8.502849578857422
145.458197472,8.426423072814941
145.508197473,8.437480926513672
145.558197474,8.40680980682373
145.608197474,8.445504188537598
145.658197475,8.419299125671387
145.708197476,8.445551872253418
145.758197477,8.41074275970459
145.808197477,8.430709838867188
145.858197478,8.391805648803711
145.908197479,8.411232948303223
145.95819748,8.376452445983887
146.00819748,8.408693313598633
146.058197481,8.384045600891113
146.108197482,8.424556732177734
146.158197483,8.40002727508545
146.208197483,8.427836418151855
146.258197484,8.394487380981445
146.308197485,8.418761253356934
146.358197486,8.385516166687012
146.408197486,8.416884422302246
146.458197487,8.405324935913086
146.508197488,8.469313621520996
146.558197489,8.478860855102539
146.608197489,8.537863731384277
146.65819749,8.548242568969727
146.708197491,8.622112274169922
146.758197491,8.634955406188965
146.808197492,8.674168586730957
146.858197493,8.643668174743652
146.908197494,8.656766891479492
146.958197494,8.617114067077637
147.008197495,8.6305513381958
147.058197496,8.596606254577637
147.108197497,8.623886108398438
147.158197497,8.617996215820312
147.208197498,8.660686492919922
147.258197499,8.600536346435547
147.3081975,8.528332710266113
147.3581975,8.359347343444824
147.408197501,8.21623420715332
147.458197502,8.001100540161133
147.508197503,7.855264186859131
147.558197503,7.656955242156982
147.608197504,7.547708034515381
147.658197505,7.3706889152526855
147.708197506,7.290116786956787
147.758197506,7.139288902282715
147.808197507,7.112513065338135
147.858197508,7.0246357917785645
147.908197509,7.0642008781433105
147.958197509,7.029055118560791
148.00819751,7.112823009490967
148.058197511,7.108415603637695
148.108197512,7.213741302490234
148.158197512,7.226113319396973
148.208197513,7.339705944061279
148.258197514,7.359062194824219
148.308197515,7.472713947296143
148.358197515,7.493856430053711
148.408197516,7.613987922668457
148.458197517,7.668294429779053
148.508197518,7.835648536682129
148.558197518,7.944177627563477
148.608197519,8.14798641204834
148.65819752,8.267023086547852
148.708197521,8.417041778564453
148.758197521,8.500795364379883
148.808197522,8.66496753692627
148.858197523,8.835431098937988
148.908197524,9.06562614440918
148.958197524,9.273672103881836
149.008197525,9.529403686523438
149.058197526,9.763678550720215
149.108197527,10.001523971557617
149.158197527,10.019518852233887
149.208197528,9.979747772216797
149.258197529,10.21487808227539
149.308197529,10.588550567626953
149.35819753,10.922308921813965
149.408197531,11.229310989379883
149.458197532,11.502333641052246
149.508197532,11.724782943725586
149.558197533,11.896248817443848
149.608197534,12.024874687194824
149.658197535,12.067718505859375
149.708197535,12.00064468383789
149.758197536,11.807976722717285
149.808197537,0.9152491092681885
