Time,header.seq,header.stamp.secs,header.stamp.nsecs,header.frame_id,other_actor_id,normal_impulse.x,normal_impulse.y,normal_impulse.z
53.341821771,1,53,341821771,ego_vehicle/collision,0,-1460.451171875,496.3024597167969,274.9878845214844
53.341821771,2,53,341821771,ego_vehicle/collision,0,-121.1456527709961,41.168704986572266,22.81047821044922
53.341821771,3,53,341821771,ego_vehicle/collision,0,-57.93919372558594,19.689369201660156,10.909351348876953
53.341821771,4,53,341821771,ego_vehicle/collision,0,-91.2984848022461,31.02579689025879,17.190563201904297
53.341821771,5,53,341821771,ego_vehicle/collision,0,-64.79417419433594,22.01888656616211,12.200074195861816
53.391821771,6,53,391821771,ego_vehicle/collision,0,-151.98451232910156,51.64862060546875,28.617116928100586
53.391821771,7,53,391821771,ego_vehicle/collision,0,-106.38999938964844,36.154319763183594,20.03213882446289
53.391821771,8,53,391821771,ego_vehicle/collision,0,-46.75022506713867,15.887042045593262,8.802584648132324
53.391821771,9,53,391821771,ego_vehicle/collision,0,-90.77751922607422,30.848756790161133,17.092470169067383
53.391821771,10,53,391821771,ego_vehicle/collision,0,-55.56422805786133,18.88228988647461,10.46217155456543
53.441821772,11,53,441821772,ego_vehicle/collision,0,-94.59922790527344,32.14748001098633,17.812057495117188
53.441821772,12,53,441821772,ego_vehicle/collision,0,-52.3748664855957,17.7984561920166,9.86164665222168
53.441821772,13,53,441821772,ego_vehicle/collision,0,-58.219383239746094,19.784587860107422,10.962109565734863
53.441821772,14,53,441821772,ego_vehicle/collision,0,-52.026161193847656,17.679956436157227,9.795989036560059
53.441821772,15,53,441821772,ego_vehicle/collision,0,-57.61005783081055,19.5775203704834,10.847378730773926
53.491821773,16,53,491821773,ego_vehicle/collision,0,-52.26151657104492,17.75993537902832,9.84030532836914
53.491821773,17,53,491821773,ego_vehicle/collision,0,-53.31090545654297,18.116546630859375,10.037893295288086
53.491821773,18,53,491821773,ego_vehicle/collision,0,-54.05560302734375,18.369617462158203,10.178112983703613
53.491821773,19,53,491821773,ego_vehicle/collision,0,-53.96001434326172,18.33713150024414,10.160113334655762
53.491821773,20,53,491821773,ego_vehicle/collision,0,-52.279842376708984,17.766162872314453,9.843754768371582
53.541821774,21,53,541821774,ego_vehicle/collision,0,-53.71101760864258,18.25251579284668,10.11323070526123
53.541821774,22,53,541821774,ego_vehicle/collision,0,-50.954124450683594,17.31564712524414,9.594136238098145
53.541821774,23,53,541821774,ego_vehicle/collision,0,-52.53669738769531,17.853450775146484,9.892118453979492
53.541821774,24,53,541821774,ego_vehicle/collision,0,-50.15637969970703,17.0445499420166,9.443928718566895
53.541821774,25,53,541821774,ego_vehicle/collision,0,-51.85891342163086,17.62312126159668,9.764498710632324
53.591821774,26,53,591821774,ego_vehicle/collision,0,-48.13304901123047,16.356966018676758,9.062956809997559
53.591821774,27,53,591821774,ego_vehicle/collision,0,-49.592933654785156,16.853076934814453,9.337838172912598
53.591821774,28,53,591821774,ego_vehicle/collision,0,-8.97396183013916,3.049605369567871,1.6897045373916626
53.591821774,29,53,591821774,ego_vehicle/collision,0,-21.75941276550293,7.394461631774902,4.097073078155518
53.591821774,30,53,591821774,ego_vehicle/collision,0,-44.496620178222656,15.12120532989502,8.378254890441895
53.641821775,31,53,641821775,ego_vehicle/collision,0,-21.156646728515625,7.189625263214111,3.9835784435272217
53.641821775,32,53,641821775,ego_vehicle/collision,0,-44.35519027709961,15.073143005371094,8.351625442504883
53.641821775,33,53,641821775,ego_vehicle/collision,0,-18.338632583618164,6.2319841384887695,3.452975273132324
53.641821775,34,53,641821775,ego_vehicle/collision,0,-27.9337158203125,9.49266242980957,5.25963020324707
53.641821775,35,53,641821775,ego_vehicle/collision,0,-9.452825546264648,3.212336540222168,1.7798696756362915
53.691821776,36,53,691821776,ego_vehicle/collision,0,-6.655892848968506,2.261859893798828,1.253235936164856
53.691821776,37,53,691821776,ego_vehicle/collision,0,-4.2693772315979,1.450854778289795,0.8038796782493591
53.691821776,38,53,691821776,ego_vehicle/collision,0,-1.0780034065246582,0.3663358986377716,0.20297691226005554
53.741821777,39,53,741821777,ego_vehicle/collision,0,-9.862954139709473,3.3517096042633057,1.8570923805236816
53.741821777,40,53,741821777,ego_vehicle/collision,0,-9.080108642578125,3.085676431655884,1.7096906900405884
53.741821777,41,53,741821777,ego_vehicle/collision,0,-9.228568077087402,3.136127471923828,1.7376443147659302
53.791821777,42,53,791821777,ego_vehicle/collision,0,-1.1344021558761597,0.3855018615722656,0.21359623968601227
53.791821777,43,53,791821777,ego_vehicle/collision,0,-8.558156967163086,2.9083027839660645,1.6114126443862915
53.791821777,44,53,791821777,ego_vehicle/collision,0,-2.2384729385375977,0.7606961727142334,0.42148134112358093
53.791821777,45,53,791821777,ego_vehicle/collision,0,-12.83700942993164,4.362377166748047,2.417076349258423
53.791821777,46,53,791821777,ego_vehicle/collision,0,-4.559798240661621,1.549547791481018,0.8585628867149353
53.841821778,47,53,841821778,ego_vehicle/collision,0,-20.84636116027832,7.084181308746338,3.9251549243927
53.841821778,48,53,841821778,ego_vehicle/collision,0,-11.442353248596191,3.8884341716766357,2.154477119445801
53.841821778,49,53,841821778,ego_vehicle/collision,0,-10.243619918823242,3.4810705184936523,1.9287679195404053
53.841821778,50,53,841821778,ego_vehicle/collision,0,-5.419116497039795,1.8415685892105103,1.020363688468933
53.841821778,51,53,841821778,ego_vehicle/collision,0,-22.024293899536133,7.484475612640381,4.146947383880615
53.891821779,52,53,891821779,ego_vehicle/collision,0,-47.95206832885742,16.29546546936035,9.02888011932373
53.891821779,53,53,891821779,ego_vehicle/collision,0,-8.292969703674316,2.8181848526000977,1.5614806413650513
53.891821779,54,53,891821779,ego_vehicle/collision,0,-4.31764554977417,1.4672576189041138,0.8129681348800659
53.891821779,55,53,891821779,ego_vehicle/collision,0,-20.38081169128418,6.925973892211914,3.837496519088745
53.891821779,56,53,891821779,ego_vehicle/collision,0,-11.21449089050293,3.810999631881714,2.111572742462158
53.94182178,57,53,941821780,ego_vehicle/collision,0,-10.076533317565918,3.424290180206299,1.8973073959350586
53.94182178,58,53,941821780,ego_vehicle/collision,0,-2.4819138050079346,0.8434242010116577,0.46731874346733093
53.94182178,59,53,941821780,ego_vehicle/collision,0,-18.602563858032227,6.3216753005981445,3.5026707649230957
53.94182178,60,53,941821780,ego_vehicle/collision,0,-35.5921516418457,12.095216751098633,6.701635360717773
53.94182178,61,53,941821780,ego_vehicle/collision,0,-41.29545211791992,14.033357620239258,7.77550745010376
53.99182178,62,53,991821780,ego_vehicle/collision,0,-36.08301544189453,12.262025833129883,6.794059753417969
53.99182178,63,53,991821780,ego_vehicle/collision,0,-42.293212890625,14.372424125671387,7.963375091552734
53.99182178,64,53,991821780,ego_vehicle/collision,0,-21.52562713623047,7.315014362335205,4.053053379058838
53.99182178,65,53,991821780,ego_vehicle/collision,0,-9.118142127990723,3.0986015796661377,1.7168521881103516
54.041821781,66,54,41821781,ego_vehicle/collision,0,-7.375417709350586,2.5063748359680176,1.3887150287628174
54.041821781,67,54,41821781,ego_vehicle/collision,0,-0.5679867267608643,0.1930178850889206,0.10694603621959686
54.041821781,68,54,41821781,ego_vehicle/collision,0,-10.905529975891113,3.6610679626464844,2.021030902862549
54.091821782,69,54,91821782,ego_vehicle/collision,0,-5.666722297668457,1.902361273765564,1.0501664876937866
54.091821782,70,54,91821782,ego_vehicle/collision,0,-34.581974029541016,11.609428405761719,6.40878963470459
54.091821782,71,54,91821782,ego_vehicle/collision,0,-17.0482120513916,5.723212718963623,3.1594033241271973
54.091821782,72,54,91821782,ego_vehicle/collision,0,-47.94403076171875,16.095172882080078,8.885068893432617
54.141821783,73,54,141821783,ego_vehicle/collision,0,-10.23967456817627,3.437535524368286,1.897633671760559
54.141821783,74,54,141821783,ego_vehicle/collision,0,-15.676335334777832,5.2626633644104,2.9051647186279297
54.141821783,75,54,141821783,ego_vehicle/collision,0,-20.73225212097168,6.9599738121032715,3.8421361446380615
54.141821783,76,54,141821783,ego_vehicle/collision,0,-33.288509368896484,11.175203323364258,6.1690826416015625
54.141821783,77,54,141821783,ego_vehicle/collision,0,-38.16950988769531,12.813791275024414,7.07363748550415
54.191821783,78,54,191821783,ego_vehicle/collision,0,-8.970632553100586,3.0115087032318115,1.6624526977539062
54.191821783,79,54,191821783,ego_vehicle/collision,0,-46.12779998779297,15.48544979095459,8.548481941223145
54.191821783,80,54,191821783,ego_vehicle/collision,0,-39.01233673095703,13.096734046936035,7.229832172393799
54.191821783,81,54,191821783,ego_vehicle/collision,0,-44.13420486450195,14.816184043884277,8.179024696350098
54.191821783,82,54,191821783,ego_vehicle/collision,0,-3.567840814590454,1.1977509260177612,0.6611982583999634
54.241821784,83,54,241821784,ego_vehicle/collision,0,-10.227639198303223,3.43349552154541,1.8954033851623535
54.241821784,84,54,241821784,ego_vehicle/collision,0,-5.749614715576172,1.9301890134811401,1.0655282735824585
54.241821784,85,54,241821784,ego_vehicle/collision,0,-0.45355647802352905,0.15226231515407562,0.08405385166406631
54.241821784,86,54,241821784,ego_vehicle/collision,0,-9.437289237976074,3.168168783187866,1.748934268951416
54.291821785,87,54,291821785,ego_vehicle/collision,0,-10.306466102600098,3.4599578380584717,1.9100115299224854
54.291821785,88,54,291821785,ego_vehicle/collision,0,-1.2243789434432983,0.4110332131385803,0.22690396010875702
54.291821785,89,54,291821785,ego_vehicle/collision,0,-11.912002563476562,3.998948812484741,2.207552433013916
54.291821785,90,54,291821785,ego_vehicle/collision,0,-4.888620853424072,1.6411467790603638,0.9059674739837646
54.341821786,91,54,341821786,ego_vehicle/collision,0,-42.37019348144531,14.223992347717285,7.852115154266357
54.341821786,92,54,341821786,ego_vehicle/collision,0,-41.62508773803711,13.97385311126709,7.714030742645264
54.341821786,93,54,341821786,ego_vehicle/collision,0,-48.92161560058594,16.42335319519043,9.06623649597168
54.341821786,94,54,341821786,ego_vehicle/collision,0,-43.26953125,14.525906562805176,8.018782615661621
54.341821786,95,54,341821786,ego_vehicle/collision,0,-49.87429428100586,16.743175506591797,9.242788314819336
54.391821786,96,54,391821786,ego_vehicle/collision,0,-32.98091125488281,11.071939468383789,6.1120781898498535
54.391821786,97,54,391821786,ego_vehicle/collision,0,-10.263026237487793,3.4453749656677246,1.901961326599121
54.391821786,98,54,391821786,ego_vehicle/collision,0,-5.849934101104736,1.9638667106628418,1.0841195583343506
54.441821787,99,54,441821787,ego_vehicle/collision,0,-9.020551681518555,3.0282669067382812,1.671703815460205
54.441821787,100,54,441821787,ego_vehicle/collision,0,-8.608271598815918,2.889861583709717,1.595299482345581
54.441821787,101,54,441821787,ego_vehicle/collision,0,-0.03269394487142563,0.010975603014230728,0.00605889642611146
54.491821788,102,54,491821788,ego_vehicle/collision,0,-0.9939313530921936,0.33112266659736633,0.1838061362504959
54.491821788,103,54,491821788,ego_vehicle/collision,0,-11.011198043823242,3.6683189868927,2.036283254623413
54.491821788,104,54,491821788,ego_vehicle/collision,0,-1.9889408349990845,0.6626045107841492,0.3678116202354431
54.491821788,105,54,491821788,ego_vehicle/collision,0,-18.017822265625,6.002537250518799,3.3320071697235107
54.491821788,106,54,491821788,ego_vehicle/collision,0,-40.615966796875,13.53098201751709,7.511045455932617
54.541821788,107,54,541821788,ego_vehicle/collision,0,-47.41521072387695,15.796112060546875,8.768418312072754
54.541821788,108,54,541821788,ego_vehicle/collision,0,-44.82715606689453,14.933917045593262,8.289813995361328
54.541821788,109,54,541821788,ego_vehicle/collision,0,-49.37259292602539,16.44820213317871,9.130393028259277
54.541821788,110,54,541821788,ego_vehicle/collision,0,-42.48624038696289,14.154053688049316,7.856912136077881
54.541821788,111,54,541821788,ego_vehicle/collision,0,-43.81932830810547,14.598164558410645,8.103438377380371
54.591821789,112,54,591821789,ego_vehicle/collision,0,-7.313014984130859,2.4362900257110596,1.3523842096328735
54.591821789,113,54,591821789,ego_vehicle/collision,0,-5.442598819732666,1.81317138671875,1.00649094581604
54.591821789,114,54,591821789,ego_vehicle/collision,0,-0.3687765896320343,0.12285586446523666,0.06819725781679153
54.64182179,115,54,641821790,ego_vehicle/collision,0,-8.711736679077148,2.902266263961792,1.6110472679138184
54.64182179,116,54,641821790,ego_vehicle/collision,0,-0.07619087398052216,0.02538256347179413,0.014089856296777725
54.64182179,117,54,641821790,ego_vehicle/collision,0,-9.056077003479004,3.016981363296509,1.6747257709503174
54.64182179,118,54,641821790,ego_vehicle/collision,0,-0.6707444787025452,0.2234547734260559,0.12403970211744308
54.64182179,119,54,641821790,ego_vehicle/collision,0,-10.088529586791992,3.3609371185302734,1.8656554222106934
54.691821791,120,54,691821791,ego_vehicle/collision,0,-1.068737268447876,0.35604384541511536,0.19763986766338348
54.691821791,121,54,691821791,ego_vehicle/collision,0,-13.340153694152832,4.444197654724121,2.466973304748535
54.691821791,122,54,691821791,ego_vehicle/collision,0,-9.673933029174805,3.2228167057037354,1.788984775543213
54.691821791,123,54,691821791,ego_vehicle/collision,0,-48.90053176879883,16.290937423706055,9.043096542358398
54.691821791,124,54,691821791,ego_vehicle/collision,0,-45.164466857910156,15.04629135131836,8.352192878723145
54.741821791,125,54,741821791,ego_vehicle/collision,0,-50.117435455322266,16.69634437561035,9.268136978149414
54.741821791,126,54,741821791,ego_vehicle/collision,0,-45.53047561645508,15.168224334716797,8.419878005981445
54.741821791,127,54,741821791,ego_vehicle/collision,0,-46.32337951660156,15.432374000549316,8.566508293151855
54.741821791,128,54,741821791,ego_vehicle/collision,0,-33.522647857666016,11.167882919311523,6.199289321899414
54.741821791,129,54,741821791,ego_vehicle/collision,0,-8.790383338928223,2.928467035293579,1.6255913972854614
54.791821792,130,54,791821792,ego_vehicle/collision,0,-5.191628456115723,1.7295619249343872,0.9600793719291687
54.791821792,131,54,791821792,ego_vehicle/collision,0,-8.495864868164062,2.830349922180176,1.5711266994476318
54.841821793,132,54,841821793,ego_vehicle/collision,0,-8.954155921936035,2.9830269813537598,1.6558775901794434
54.841821793,133,54,841821793,ego_vehicle/collision,0,-9.183282852172852,3.059359312057495,1.6982498168945312
54.841821793,134,54,841821793,ego_vehicle/collision,0,-0.5211374163627625,0.1736140251159668,0.09637311100959778
54.841821793,135,54,841821793,ego_vehicle/collision,0,-11.503618240356445,3.8323659896850586,2.127345561981201
54.891821794,136,54,891821794,ego_vehicle/collision,0,-1.4887547492980957,0.49597030878067017,0.27531301975250244
54.891821794,137,54,891821794,ego_vehicle/collision,0,-38.8267936706543,12.838557243347168,7.183145523071289
54.891821794,138,54,891821794,ego_vehicle/collision,0,-46.97570037841797,15.533092498779297,8.690733909606934
54.891821794,139,54,891821794,ego_vehicle/collision,0,-42.86667251586914,14.174392700195312,7.930543422698975
54.941821794,140,54,941821794,ego_vehicle/collision,0,-48.12238693237305,15.912259101867676,8.902876853942871
54.941821794,141,54,941821794,ego_vehicle/collision,0,-38.538822174072266,12.743335723876953,7.1298699378967285
54.941821794,142,54,941821794,ego_vehicle/collision,0,-21.994281768798828,7.272679805755615,4.06904935836792
54.941821794,143,54,941821794,ego_vehicle/collision,0,-46.30862808227539,15.312518119812012,8.56732177734375
54.941821794,144,54,941821794,ego_vehicle/collision,0,-47.57416534423828,15.73098087310791,8.801451683044434
54.991821795,145,54,991821795,ego_vehicle/collision,0,-0.4003419876098633,0.1323779970407486,0.07406521588563919
54.991821795,146,54,991821795,ego_vehicle/collision,0,-7.266567230224609,2.4027798175811768,1.3443502187728882
54.991821795,147,54,991821795,ego_vehicle/collision,0,-5.0140838623046875,1.657968521118164,0.9276300072669983
55.041821796,148,55,41821796,ego_vehicle/collision,0,-8.686220169067383,2.8722054958343506,1.6069930791854858
55.041821796,149,55,41821796,ego_vehicle/collision,0,-8.258771896362305,2.7308645248413086,1.527912974357605
55.041821796,150,55,41821796,ego_vehicle/collision,0,-7.614434719085693,2.5178065299987793,1.4087074995040894
55.091821797,151,55,91821797,ego_vehicle/collision,0,-0.9584978222846985,0.3169390857219696,0.1773267686367035
55.091821797,152,55,91821797,ego_vehicle/collision,0,-11.63210678100586,3.846298933029175,2.151996374130249
55.091821797,153,55,91821797,ego_vehicle/collision,0,-1.7478530406951904,0.5779491066932678,0.323361337184906
55.091821797,154,55,91821797,ego_vehicle/collision,0,-11.691454887390137,3.8659231662750244,2.162976026535034
55.091821797,155,55,91821797,ego_vehicle/collision,0,-11.515748023986816,3.807823419570923,2.13046932220459
55.141821797,156,55,141821797,ego_vehicle/collision,0,-47.05792236328125,15.560281753540039,8.705945014953613
55.141821797,157,55,141821797,ego_vehicle/collision,0,-45.14221954345703,14.926830291748047,8.351531028747559
55.141821797,158,55,141821797,ego_vehicle/collision,0,-48.770545959472656,16.1265811920166,9.022788047790527
55.141821797,159,55,141821797,ego_vehicle/collision,0,-46.12388610839844,15.25143051147461,8.533143997192383
55.141821797,160,55,141821797,ego_vehicle/collision,0,-48.78644561767578,16.131837844848633,9.02573013305664
55.191821798,161,55,191821798,ego_vehicle/collision,0,-30.767473220825195,10.173643112182617,5.692132472991943
55.191821798,162,55,191821798,ego_vehicle/collision,0,-8.354740142822266,2.7625975608825684,1.5456675291061401
55.191821798,163,55,191821798,ego_vehicle/collision,0,-3.4303016662597656,1.134271502494812,0.6346225142478943
55.191821798,164,55,191821798,ego_vehicle/collision,0,-2.4919989109039307,0.8240100741386414,0.4610319435596466
55.241821799,165,55,241821799,ego_vehicle/collision,0,-7.314530372619629,2.4186394214630127,1.3532236814498901
55.241821799,166,55,241821799,ego_vehicle/collision,0,-9.362031936645508,3.0956709384918213,1.732021450996399
55.241821799,167,55,241821799,ego_vehicle/collision,0,-0.014065842144191265,0.004651044029742479,0.0026022493839263916
55.241821799,168,55,241821799,ego_vehicle/collision,0,-10.231250762939453,3.3830888271331787,1.8928312063217163
55.2918218,169,55,291821800,ego_vehicle/collision,0,-0.0674104318022728,0.02229008823633194,0.012471259571611881
55.2918218,170,55,291821800,ego_vehicle/collision,0,-11.857281684875488,3.9207558631896973,2.193654775619507
55.2918218,171,55,291821800,ego_vehicle/collision,0,-4.779849052429199,1.580515742301941,0.8842953443527222
55.2918218,172,55,291821800,ego_vehicle/collision,0,-13.423124313354492,4.410801410675049,2.481447458267212
55.3418218,173,55,341821800,ego_vehicle/collision,0,-12.344643592834473,4.056416034698486,2.2820756435394287
55.3418218,174,55,341821800,ego_vehicle/collision,0,-7.762490272521973,2.5507328510284424,1.435002088546753
55.3418218,175,55,341821800,ego_vehicle/collision,0,-45.7316780090332,15.027302742004395,8.454123497009277
55.3418218,176,55,341821800,ego_vehicle/collision,0,-46.0617561340332,15.13576602935791,8.515143394470215
55.3418218,177,55,341821800,ego_vehicle/collision,0,-50.47406005859375,16.585636138916016,9.330817222595215
55.391821801,178,55,391821801,ego_vehicle/collision,0,-46.41408920288086,15.251543045043945,8.580277442932129
55.391821801,179,55,391821801,ego_vehicle/collision,0,-49.519466400146484,16.271961212158203,9.154348373413086
55.391821801,180,55,391821801,ego_vehicle/collision,0,-39.53689193725586,12.991713523864746,7.308932781219482
55.391821801,181,55,391821801,ego_vehicle/collision,0,-17.424650192260742,5.725691795349121,3.221184015274048
55.391821801,182,55,391821801,ego_vehicle/collision,0,-23.259687423706055,7.643068790435791,4.299870014190674
55.441821802,183,55,441821802,ego_vehicle/collision,0,-8.61158561706543,2.8297433853149414,1.5919690132141113
55.441821802,184,55,441821802,ego_vehicle/collision,0,-4.167583465576172,1.36945641040802,0.7704346179962158
55.441821802,185,55,441821802,ego_vehicle/collision,0,-1.9950898885726929,0.6555810570716858,0.36881953477859497
55.441821802,186,55,441821802,ego_vehicle/collision,0,-8.12430477142334,2.6696243286132812,1.501888394355774
55.491821803,187,55,491821803,ego_vehicle/collision,0,-7.873163223266602,2.58709979057312,1.4554615020751953
55.491821803,188,55,491821803,ego_vehicle/collision,0,-0.07404497265815735,0.024330975487828255,0.0136882234364748
55.491821803,189,55,491821803,ego_vehicle/collision,0,-10.868392944335938,3.571324110031128,2.0091705322265625
55.541821803,190,55,541821803,ego_vehicle/collision,0,-11.442117691040039,3.7598483562469482,2.115231513977051
55.541821803,191,55,541821803,ego_vehicle/collision,0,-3.088242769241333,1.0147881507873535,0.5709037780761719
55.541821803,192,55,541821803,ego_vehicle/collision,0,-17.52229118347168,5.757776260375977,3.239234209060669
55.541821803,193,55,541821803,ego_vehicle/collision,0,-41.080623626708984,13.498979568481445,7.594313144683838
55.541821803,194,55,541821803,ego_vehicle/collision,0,-47.52192306518555,15.615572929382324,8.785075187683105
55.591821804,195,55,591821804,ego_vehicle/collision,0,-44.908226013183594,14.756719589233398,8.301897048950195
55.591821804,196,55,591821804,ego_vehicle/collision,0,-49.32852554321289,16.209218978881836,9.119050025939941
55.591821804,197,55,591821804,ego_vehicle/collision,0,-41.656253814697266,13.688130378723145,7.70072603225708
55.591821804,198,55,591821804,ego_vehicle/collision,0,-39.70055389404297,13.045494079589844,7.339188575744629
55.641821805,199,55,641821805,ego_vehicle/collision,0,-5.167716979980469,1.6980977058410645,0.9553229212760925
55.641821805,200,55,641821805,ego_vehicle/collision,0,-8.0584716796875,2.64799165725708,1.4897184371948242
55.641821805,201,55,641821805,ego_vehicle/collision,0,-6.931495189666748,2.27767014503479,1.281381368637085
55.691821806,202,55,691821806,ego_vehicle/collision,0,-0.7437080144882202,0.2443804144859314,0.1374845653772354
55.691821806,203,55,691821806,ego_vehicle/collision,0,-9.775532722473145,3.2122130393981934,1.8071404695510864
55.691821806,204,55,691821806,ego_vehicle/collision,0,-0.7299993634223938,0.23987579345703125,0.13495032489299774
55.691821806,205,55,691821806,ego_vehicle/collision,0,-9.320981979370117,3.0628490447998047,1.7231106758117676
55.691821806,206,55,691821806,ego_vehicle/collision,0,-2.17262864112854,0.7139197587966919,0.4016399681568146
55.741821806,207,55,741821806,ego_vehicle/collision,0,-10.161044120788574,3.3204739093780518,1.8755909204483032
55.741821806,208,55,741821806,ego_vehicle/collision,0,-46.25121307373047,15.114192008972168,8.537346839904785
55.741821806,209,55,741821806,ego_vehicle/collision,0,-44.74501037597656,14.621984481811523,8.259321212768555
55.741821806,210,55,741821806,ego_vehicle/collision,0,-50.16245651245117,16.392324447631836,9.259308815002441
55.791821807,211,55,791821807,ego_vehicle/collision,0,-45.12493896484375,14.74614143371582,8.329451560974121
55.791821807,212,55,791821807,ego_vehicle/collision,0,-48.3135871887207,15.788143157958984,8.918033599853516
55.791821807,213,55,791821807,ego_vehicle/collision,0,-25.864192962646484,8.45202350616455,4.774179458618164
55.791821807,214,55,791821807,ego_vehicle/collision,0,-7.167929649353027,2.34237003326416,1.323102593421936
55.841821808,215,55,841821808,ego_vehicle/collision,0,-7.20973014831543,2.356029510498047,1.3308182954788208
55.841821808,216,55,841821808,ego_vehicle/collision,0,-8.600517272949219,2.8105177879333496,1.5875388383865356
55.841821808,217,55,841821808,ego_vehicle/collision,0,-8.069080352783203,2.636852264404297,1.4894428253173828
55.891821809,218,55,891821809,ego_vehicle/collision,0,-0.3843901455402374,0.12561282515525818,0.07095319777727127
55.891821809,219,55,891821809,ego_vehicle/collision,0,-10.368680000305176,3.388326406478882,1.9139176607131958
55.891821809,220,55,891821809,ego_vehicle/collision,0,-0.4245898723602295,0.13874948024749756,0.07837352901697159
55.891821809,221,55,891821809,ego_vehicle/collision,0,-12.10964298248291,3.9572465419769287,2.2352757453918457
55.891821809,222,55,891821809,ego_vehicle/collision,0,-3.4207494258880615,1.1178486347198486,0.6314239501953125
55.941821809,223,55,941821809,ego_vehicle/collision,0,-30.603422164916992,10.000730514526367,5.6489763259887695
55.941821809,224,55,941821809,ego_vehicle/collision,0,-3.6039867401123047,1.1777278184890747,0.6652470231056213
55.941821809,225,55,941821809,ego_vehicle/collision,0,-26.56181526184082,8.6799955368042,4.902950763702393
55.941821809,226,55,941821809,ego_vehicle/collision,0,-3.234243392944336,1.0569013357162476,0.5969974994659424
55.941821809,227,55,941821809,ego_vehicle/collision,0,-17.20281982421875,5.62161922454834,3.1754074096679688
55.99182181,228,55,991821810,ego_vehicle/collision,0,-40.22067642211914,13.143503189086914,7.424190998077393
55.99182181,229,55,991821810,ego_vehicle/collision,0,-48.80359649658203,15.948270797729492,9.008482933044434
55.99182181,230,55,991821810,ego_vehicle/collision,0,-45.21276092529297,14.774839401245117,8.345663070678711
55.99182181,231,55,991821810,ego_vehicle/collision,0,-48.86494064331055,15.968317985534668,9.019805908203125
55.99182181,232,55,991821810,ego_vehicle/collision,0,-44.03853988647461,14.391122817993164,8.12891674041748
56.041821811,233,56,41821811,ego_vehicle/collision,0,-45.34882354736328,14.819302558898926,8.370777130126953
56.041821811,234,56,41821811,ego_vehicle/collision,0,-1.5434173345565796,0.5043652057647705,0.2848939001560211
56.041821811,235,56,41821811,ego_vehicle/collision,0,-8.466033935546875,2.766570568084717,1.56271493434906
56.041821811,236,56,41821811,ego_vehicle/collision,0,-4.876066207885742,1.5934240818023682,0.9000556468963623
56.091821812,237,56,91821812,ego_vehicle/collision,0,-9.118267059326172,2.979710578918457,1.6831084489822388
56.091821812,238,56,91821812,ego_vehicle/collision,0,-7.924871444702148,2.5897271633148193,1.4628238677978516
56.091821812,239,56,91821812,ego_vehicle/collision,0,-1.4273844957351685,0.4664474427700043,0.26347580552101135
56.141821812,240,56,141821812,ego_vehicle/collision,0,-9.835586547851562,3.2141194343566895,1.8155158758163452
56.141821812,241,56,141821812,ego_vehicle/collision,0,-1.1509971618652344,0.37612825632095337,0.21245844662189484
56.141821812,242,56,141821812,ego_vehicle/collision,0,-7.959934711456299,2.5820579528808594,1.4677996635437012
56.141821812,243,56,141821812,ego_vehicle/collision,0,-42.700443267822266,13.851248741149902,7.87389612197876
56.191821813,244,56,191821813,ego_vehicle/collision,0,-43.21162033081055,14.017064094543457,7.968156337738037
56.191821813,245,56,191821813,ego_vehicle/collision,0,-48.63980484008789,15.777867317199707,8.969104766845703
56.191821813,246,56,191821813,ego_vehicle/collision,0,-45.33347702026367,14.705354690551758,8.35942268371582
56.191821813,247,56,191821813,ego_vehicle/collision,0,-48.19651412963867,15.634072303771973,8.887362480163574
56.191821813,248,56,191821813,ego_vehicle/collision,0,-26.65692138671875,8.64702033996582,4.9154953956604
56.241821814,249,56,241821814,ego_vehicle/collision,0,-7.401397705078125,2.40087890625,1.3648062944412231
56.241821814,250,56,241821814,ego_vehicle/collision,0,-6.856893062591553,2.2242515087127686,1.264400601387024
56.241821814,251,56,241821814,ego_vehicle/collision,0,-8.835761070251465,2.8661601543426514,1.629300832748413
56.291821815,252,56,291821815,ego_vehicle/collision,0,-7.9401164054870605,2.575629234313965,1.464145302772522
56.291821815,253,56,291821815,ego_vehicle/collision,0,-1.666469693183899,0.540572464466095,0.30729442834854126
56.291821815,254,56,291821815,ego_vehicle/collision,0,-9.955503463745117,3.229384422302246,1.8357795476913452
56.291821815,255,56,291821815,ego_vehicle/collision,0,-1.229615569114685,0.3988649249076843,0.22673921287059784
56.341821815,256,56,341821815,ego_vehicle/collision,0,-12.07618522644043,3.91729474067688,2.226830005645752
56.341821815,257,56,341821815,ego_vehicle/collision,0,-9.341224670410156,3.030123472213745,1.7225075960159302
56.341821815,258,56,341821815,ego_vehicle/collision,0,-44.57169723510742,14.45824909210205,8.218953132629395
56.341821815,259,56,341821815,ego_vehicle/collision,0,-44.66200637817383,14.487542152404785,8.235605239868164
56.341821815,260,56,341821815,ego_vehicle/collision,0,-50.75533676147461,16.464109420776367,9.359206199645996
56.391821816,261,56,391821816,ego_vehicle/collision,0,-45.60448455810547,14.793266296386719,8.40939712524414
56.391821816,262,56,391821816,ego_vehicle/collision,0,-49.28863525390625,15.988337516784668,9.088748931884766
56.391821816,263,56,391821816,ego_vehicle/collision,0,-34.34611892700195,11.141255378723145,6.333370685577393
56.391821816,264,56,391821816,ego_vehicle/collision,0,-9.43212604522705,3.05961012840271,1.739269733428955
56.441821817,265,56,441821817,ego_vehicle/collision,0,-5.198170185089111,1.6861917972564697,0.9585345983505249
56.441821817,266,56,441821817,ego_vehicle/collision,0,-1.1079133749008179,0.35938698053359985,0.20429754257202148
56.441821817,267,56,441821817,ego_vehicle/collision,0,-8.674850463867188,2.8139638900756836,1.5996290445327759
56.441821817,268,56,441821817,ego_vehicle/collision,0,-7.836519718170166,2.5420243740081787,1.4450421333312988
56.491821818,269,56,491821818,ego_vehicle/collision,0,-9.339639663696289,3.029609203338623,1.722215175628662
56.491821818,270,56,491821818,ego_vehicle/collision,0,-1.770306944847107,0.5742553472518921,0.3264418840408325
56.491821818,271,56,491821818,ego_vehicle/collision,0,-10.165653228759766,3.297553062438965,1.8745307922363281
56.491821818,272,56,491821818,ego_vehicle/collision,0,-3.742762327194214,1.2140840291976929,0.6901596188545227
56.541821818,273,56,541821818,ego_vehicle/collision,0,-14.899389266967773,4.833090782165527,2.747424364089966
56.541821818,274,56,541821818,ego_vehicle/collision,0,-34.482669830322266,11.185551643371582,6.358551502227783
56.541821818,275,56,541821818,ego_vehicle/collision,0,-46.65790939331055,15.134976387023926,8.603646278381348
56.541821818,276,56,541821818,ego_vehicle/collision,0,-44.84156799316406,14.54578971862793,8.268715858459473
56.591821819,277,56,591821819,ego_vehicle/collision,0,-42.19740676879883,13.611722946166992,7.779143333435059
56.591821819,278,56,591821819,ego_vehicle/collision,0,-41.29645919799805,13.3211030960083,7.613052845001221
56.591821819,279,56,591821819,ego_vehicle/collision,0,-7.52152681350708,2.4262380599975586,1.386602759361267
56.64182182,280,56,641821820,ego_vehicle/collision,0,-5.2357025146484375,1.6888937950134277,0.9652081727981567
56.64182182,281,56,641821820,ego_vehicle/collision,0,-1.0996348857879639,0.35471197962760925,0.20271903276443481
56.64182182,282,56,641821820,ego_vehicle/collision,0,-8.390707969665527,2.7066121101379395,1.5468374490737915
56.64182182,283,56,641821820,ego_vehicle/collision,0,-0.15677805244922638,0.05057229474186897,0.02890222705900669
56.64182182,284,56,641821820,ego_vehicle/collision,0,-10.110118865966797,3.261246681213379,1.863812804222107
56.691821821,285,56,691821821,ego_vehicle/collision,0,-0.3667793273925781,0.11831292510032654,0.06761621683835983
56.691821821,286,56,691821821,ego_vehicle/collision,0,-11.043012619018555,3.5621724128723145,2.035792827606201
56.691821821,287,56,691821821,ego_vehicle/collision,0,-1.395440697669983,0.450130820274353,0.25725120306015015
56.691821821,288,56,691821821,ego_vehicle/collision,0,-15.736336708068848,5.076109886169434,2.901013135910034
56.691821821,289,56,691821821,ego_vehicle/collision,0,-32.05548858642578,10.340219497680664,5.909468650817871
56.741821821,290,56,741821821,ego_vehicle/collision,0,-40.66051483154297,13.115964889526367,7.495815753936768
56.741821821,291,56,741821821,ego_vehicle/collision,0,-32.13161849975586,10.364777565002441,5.923503398895264
56.741821821,292,56,741821821,ego_vehicle/collision,0,-24.18056869506836,7.799986839294434,4.457717418670654
56.741821821,293,56,741821821,ego_vehicle/collision,0,-72.88422393798828,23.510448455810547,13.436296463012695
56.741821821,294,56,741821821,ego_vehicle/collision,0,-27.482091903686523,8.864968299865723,5.066357612609863
56.791821822,295,56,791821822,ego_vehicle/collision,0,-3.701054811477661,1.1938586235046387,0.6822940111160278
56.791821822,296,56,791821822,ego_vehicle/collision,0,-7.116843223571777,2.2956981658935547,1.3119988441467285
56.791821822,297,56,791821822,ego_vehicle/collision,0,-0.3241214156150818,0.10455267876386642,0.05975218489766121
56.841821823000004,298,56,841821823,ego_vehicle/collision,0,-10.132528305053711,3.268475294113159,1.8679440021514893
56.841821823000004,299,56,841821823,ego_vehicle/collision,0,-0.9522408246994019,0.3071666955947876,0.17554675042629242
56.841821823000004,300,56,841821823,ego_vehicle/collision,0,-10.80837345123291,3.4864842891693115,1.9925369024276733
56.841821823000004,301,56,841821823,ego_vehicle/collision,0,-2.7749388217926025,0.8951190710067749,0.5115634202957153
56.841821823000004,302,56,841821823,ego_vehicle/collision,0,-12.082802772521973,3.897580146789551,2.2274794578552246
56.891821824,303,56,891821824,ego_vehicle/collision,0,-30.42514419555664,9.814315795898438,5.608912944793701
56.891821824,304,56,891821824,ego_vehicle/collision,0,-35.18057632446289,11.348288536071777,6.4855828285217285
56.891821824,305,56,891821824,ego_vehicle/collision,0,-8.598007202148438,2.7734806537628174,1.5850530862808228
56.891821824,306,56,891821824,ego_vehicle/collision,0,-47.97159194946289,15.47431755065918,8.843622207641602
56.891821824,307,56,891821824,ego_vehicle/collision,0,-44.20122146606445,14.258098602294922,8.14854907989502
56.941821824,308,56,941821824,ego_vehicle/collision,0,-49.39659881591797,15.933985710144043,9.1063232421875
56.941821824,309,56,941821824,ego_vehicle/collision,0,-42.98428726196289,13.865549087524414,7.924205303192139
56.941821824,310,56,941821824,ego_vehicle/collision,0,-43.12225341796875,13.910054206848145,7.94964075088501
56.941821824,311,56,941821824,ego_vehicle/collision,0,-8.530301094055176,2.751640796661377,1.5725715160369873
56.991821825,312,56,991821825,ego_vehicle/collision,0,-7.806587219238281,2.5015971660614014,1.4347248077392578
57.041821826,313,57,41821826,ego_vehicle/collision,0,-9.25734806060791,2.96648907661438,1.701351284980774
57.041821826,314,57,41821826,ego_vehicle/collision,0,-10.543536186218262,3.3786439895629883,1.9377318620681763
57.041821826,315,57,41821826,ego_vehicle/collision,0,-2.2012557983398438,0.7053857445716858,0.4045553207397461
57.041821826,316,57,41821826,ego_vehicle/collision,0,-11.450933456420898,3.669417142868042,2.104496955871582
57.091821826,317,57,91821826,ego_vehicle/collision,0,-11.186723709106445,3.584751605987549,2.0559394359588623
57.091821826,318,57,91821826,ego_vehicle/collision,0,-47.11398696899414,15.097535133361816,8.658791542053223
57.091821826,319,57,91821826,ego_vehicle/collision,0,-45.18406677246094,14.479097366333008,8.304102897644043
57.091821826,320,57,91821826,ego_vehicle/collision,0,-50.048431396484375,16.037866592407227,9.198094367980957
57.091821826,321,57,91821826,ego_vehicle/collision,0,-45.62957000732422,14.621857643127441,8.385978698730469
57.141821827,322,57,141821827,ego_vehicle/collision,0,-49.17325973510742,15.75742244720459,9.037252426147461
57.141821827,323,57,141821827,ego_vehicle/collision,0,-31.9841251373291,10.249216079711914,5.878166198730469
57.141821827,324,57,141821827,ego_vehicle/collision,0,-9.787557601928711,3.1363930702209473,1.798795223236084
57.141821827,325,57,141821827,ego_vehicle/collision,0,-3.6561498641967773,1.1716021299362183,0.671941339969635
57.191821828,326,57,191821828,ego_vehicle/collision,0,-10.111539840698242,3.2402119636535645,1.8583379983901978
57.191821828,327,57,191821828,ego_vehicle/collision,0,-8.294623374938965,2.657986640930176,1.5244179964065552
57.241821829,328,57,241821829,ego_vehicle/collision,0,-9.307893753051758,2.9826860427856445,1.7106406688690186
57.241821829,329,57,241821829,ego_vehicle/collision,0,-1.6498295068740845,0.5286828279495239,0.30321207642555237
57.241821829,330,57,241821829,ego_vehicle/collision,0,-10.543160438537598,3.378523826599121,1.9376627206802368
57.241821829,331,57,241821829,ego_vehicle/collision,0,-2.7084157466888428,0.8679035902023315,0.49776312708854675
57.241821829,332,57,241821829,ego_vehicle/collision,0,-16.44898223876953,5.271026611328125,3.023057699203491
57.291821829,333,57,291821829,ego_vehicle/collision,0,-40.088035583496094,12.846088409423828,7.367534637451172
57.291821829,334,57,291821829,ego_vehicle/collision,0,-48.17097854614258,15.43624496459961,8.853049278259277
57.291821829,335,57,291821829,ego_vehicle/collision,0,-44.52756881713867,14.26872444152832,8.183448791503906
57.291821829,336,57,291821829,ego_vehicle/collision,0,-49.891971588134766,15.98773193359375,9.169340133666992
57.291821829,337,57,291821829,ego_vehicle/collision,0,-42.62150955200195,13.657933235168457,7.833146095275879
57.34182183,338,57,341821830,ego_vehicle/collision,0,-43.31839370727539,13.881245613098145,7.961221694946289
57.34182183,339,57,341821830,ego_vehicle/collision,0,-4.231003761291504,1.3558123111724854,0.7775903344154358
57.34182183,340,57,341821830,ego_vehicle/collision,0,-1.4609707593917847,0.4681635797023773,0.2685028314590454
57.34182183,341,57,341821830,ego_vehicle/collision,0,-8.336026191711426,2.6712541580200195,1.532027244567871
57.391821831,342,57,391821831,ego_vehicle/collision,0,-7.0532379150390625,2.260188579559326,1.2962713241577148
57.391821831,343,57,391821831,ego_vehicle/collision,0,-0.6373419761657715,0.2042342871427536,0.11713317781686783
57.391821831,344,57,391821831,ego_vehicle/collision,0,-0.18050386011600494,0.05742191523313522,0.03318556025624275
57.441821832,345,57,441821832,ego_vehicle/collision,0,-9.057001113891602,2.8812146186828613,1.665125846862793
57.441821832,346,57,441821832,ego_vehicle/collision,0,-2.5558595657348633,0.81307053565979,0.4698937237262726
57.441821832,347,57,441821832,ego_vehicle/collision,0,-11.07602310180664,3.5235061645507812,2.0363221168518066
57.441821832,348,57,441821832,ego_vehicle/collision,0,-5.398405075073242,1.717341423034668,0.9924944639205933
57.441821832,349,57,441821832,ego_vehicle/collision,0,-31.71192741394043,10.088203430175781,5.830224514007568
57.491821832,350,57,491821832,ego_vehicle/collision,0,-12.107771873474121,3.851726531982422,2.226008892059326
57.491821832,351,57,491821832,ego_vehicle/collision,0,-46.6470947265625,14.839381217956543,8.576048851013184
57.491821832,352,57,491821832,ego_vehicle/collision,0,-42.94150161743164,13.660557746887207,7.894776821136475
57.491821832,353,57,491821832,ego_vehicle/collision,0,-48.7479133605957,15.507695198059082,8.962284088134766
57.491821832,354,57,491821832,ego_vehicle/collision,0,-43.46615982055664,13.827462196350098,7.991235733032227
57.541821833,355,57,541821833,ego_vehicle/collision,0,-46.1703987121582,14.68773365020752,8.488408088684082
57.541821833,356,57,541821833,ego_vehicle/collision,0,-7.691618919372559,2.446859121322632,1.4141008853912354
57.541821833,357,57,541821833,ego_vehicle/collision,0,-16.79523277282715,5.342902183532715,3.087796449661255
57.541821833,358,57,541821833,ego_vehicle/collision,0,-25.529203414916992,8.121354103088379,4.693533420562744
57.541821833,359,57,541821833,ego_vehicle/collision,0,-9.976665496826172,3.173778533935547,1.8342057466506958
57.591821834,360,57,591821834,ego_vehicle/collision,0,-5.362521648406982,1.7059262990951538,0.9858973622322083
57.591821834,361,57,591821834,ego_vehicle/collision,0,-8.987701416015625,2.8591690063476562,1.6523851156234741
57.591821834,362,57,591821834,ego_vehicle/collision,0,-0.19253003597259521,0.06124769151210785,0.03539656847715378
57.641821835,363,57,641821835,ego_vehicle/collision,0,-8.995351791381836,2.861602783203125,1.6537916660308838
57.641821835,364,57,641821835,ego_vehicle/collision,0,-0.9152289628982544,0.29115280508995056,0.1682644635438919
57.641821835,365,57,641821835,ego_vehicle/collision,0,-9.902997970581055,3.150343656539917,1.820662021636963
57.641821835,366,57,641821835,ego_vehicle/collision,0,-3.0557103157043457,0.9720830917358398,0.5617910623550415
57.641821835,367,57,641821835,ego_vehicle/collision,0,-11.803143501281738,3.7548179626464844,2.1700029373168945
57.691821835,368,57,691821835,ego_vehicle/collision,0,-14.462955474853516,4.60095739364624,2.659008026123047
57.691821835,369,57,691821835,ego_vehicle/collision,0,-23.189611434936523,7.377082824707031,4.263400554656982
57.691821835,370,57,691821835,ego_vehicle/collision,0,-42.75228500366211,13.600361824035645,7.859988689422607
57.691821835,371,57,691821835,ego_vehicle/collision,0,-49.494964599609375,15.745346069335938,9.099628448486328
57.691821835,372,57,691821835,ego_vehicle/collision,0,-45.45002746582031,14.45857048034668,8.355968475341797
57.741821836,373,57,741821836,ego_vehicle/collision,0,-49.39981460571289,15.715076446533203,9.082135200500488
57.741821836,374,57,741821836,ego_vehicle/collision,0,-42.13331985473633,13.403459548950195,7.746193885803223
57.741821836,375,57,741821836,ego_vehicle/collision,0,-37.943973541259766,12.070743560791016,6.975983619689941
57.741821836,376,57,741821836,ego_vehicle/collision,0,-3.405984401702881,1.083512306213379,0.6261888146400452
57.791821837,377,57,791821837,ego_vehicle/collision,0,-0.6055352091789246,0.19263297319412231,0.1113273948431015
57.791821837,378,57,791821837,ego_vehicle/collision,0,-8.54562759399414,2.718536376953125,1.5711100101470947
57.791821837,379,57,791821837,ego_vehicle/collision,0,-6.4209442138671875,2.0426318645477295,1.180487871170044
57.791821837,380,57,791821837,ego_vehicle/collision,0,-0.8698658347129822,0.27672186493873596,0.1599244773387909
57.841821838,381,57,841821838,ego_vehicle/collision,0,-7.591102123260498,2.399087905883789,1.3951306343078613
57.841821838,382,57,841821838,ego_vehicle/collision,0,-4.92160701751709,1.555422067642212,0.904517412185669
57.841821838,383,57,841821838,ego_vehicle/collision,0,-10.29345417022705,3.2531378269195557,1.891782283782959
57.891821838,384,57,891821838,ego_vehicle/collision,0,-3.944399833679199,1.2465860843658447,0.724921464920044
57.891821838,385,57,891821838,ego_vehicle/collision,0,-17.627906799316406,5.571114540100098,3.2397444248199463
57.891821838,386,57,891821838,ego_vehicle/collision,0,-15.998526573181152,5.05616569519043,2.94028902053833
57.891821838,387,57,891821838,ego_vehicle/collision,0,-48.88715362548828,15.45026969909668,8.984724044799805
57.891821838,388,57,891821838,ego_vehicle/collision,0,-46.557952880859375,14.714151382446289,8.556653022766113
57.941821839,389,57,941821839,ego_vehicle/collision,0,-50.79215621948242,16.052326202392578,9.33483600616455
57.941821839,390,57,941821839,ego_vehicle/collision,0,-45.72548294067383,14.451058387756348,8.403656959533691
57.941821839,391,57,941821839,ego_vehicle/collision,0,-50.911659240722656,16.0900936126709,9.35679817199707
57.941821839,392,57,941821839,ego_vehicle/collision,0,-38.25679016113281,12.090655326843262,7.031023025512695
57.941821839,393,57,941821839,ego_vehicle/collision,0,-16.78380584716797,5.30434513092041,3.084611415863037
57.99182184,394,57,991821840,ego_vehicle/collision,0,-2.49780011177063,0.7894033789634705,0.45905813574790955
57.99182184,395,57,991821840,ego_vehicle/collision,0,-9.892183303833008,3.1263201236724854,1.8180346488952637
57.99182184,396,57,991821840,ego_vehicle/collision,0,-4.143197536468506,1.3094139099121094,0.7614575028419495
57.99182184,397,57,991821840,ego_vehicle/collision,0,-1.3960236310958862,0.44119855761528015,0.25656816363334656
58.041821841,398,58,41821841,ego_vehicle/collision,0,-9.148802757263184,2.8913826942443848,1.6814124584197998
58.041821841,399,58,41821841,ego_vehicle/collision,0,-8.87484073638916,2.804800033569336,1.631062388420105
58.041821841,400,58,41821841,ego_vehicle/collision,0,-0.8211699724197388,0.25952211022377014,0.15091869235038757
58.041821841,401,58,41821841,ego_vehicle/collision,0,-8.642110824584961,2.731248140335083,1.5882902145385742
58.091821841,402,58,91821841,ego_vehicle/collision,0,-4.064064979553223,1.284404993057251,0.7469141483306885
58.091821841,403,58,91821841,ego_vehicle/collision,0,-11.008481979370117,3.4791150093078613,2.023193836212158
58.091821841,404,58,91821841,ego_vehicle/collision,0,-8.43639850616455,2.6662349700927734,1.5504833459854126
58.091821841,405,58,91821841,ego_vehicle/collision,0,-43.32324981689453,13.69185733795166,7.962162971496582
58.091821841,406,58,91821841,ego_vehicle/collision,0,-44.28485870361328,13.995763778686523,8.13889217376709
58.141821842,407,58,141821842,ego_vehicle/collision,0,-49.34185791015625,15.593975067138672,9.068293571472168
58.141821842,408,58,141821842,ego_vehicle/collision,0,-46.183265686035156,14.595735549926758,8.487791061401367
58.141821842,409,58,141821842,ego_vehicle/collision,0,-49.56050109863281,15.663074493408203,9.108475685119629
58.141821842,410,58,141821842,ego_vehicle/collision,0,-35.304771423339844,11.15770149230957,6.4884867668151855
58.141821842,411,58,141821842,ego_vehicle/collision,0,-11.139477729797363,3.5205142498016357,2.0472683906555176
58.191821843,412,58,191821843,ego_vehicle/collision,0,-6.138689994812012,1.9400683641433716,1.1281989812850952
58.191821843,413,58,191821843,ego_vehicle/collision,0,-8.691385269165039,2.7468206882476807,1.5973459482192993
58.241821844,414,58,241821844,ego_vehicle/collision,0,-8.530187606811523,2.695875883102417,1.5677202939987183
58.241821844,415,58,241821844,ego_vehicle/collision,0,-0.2975269556045532,0.09403026103973389,0.05468098446726799
58.241821844,416,58,241821844,ego_vehicle/collision,0,-1.2034814357757568,0.37797752022743225,0.220972940325737
58.241821844,417,58,241821844,ego_vehicle/collision,0,-9.96945571899414,3.131107807159424,1.8305059671401978
58.291821844,418,58,291821844,ego_vehicle/collision,0,-2.5245418548583984,0.7928831577301025,0.46353471279144287
58.291821844,419,58,291821844,ego_vehicle/collision,0,-12.176071166992188,3.8241398334503174,2.235665798187256
58.291821844,420,58,291821844,ego_vehicle/collision,0,-13.520405769348145,4.246355056762695,2.4825007915496826
58.291821844,421,58,291821844,ego_vehicle/collision,0,-24.65691375732422,7.743999004364014,4.5272908210754395
58.291821844,422,58,291821844,ego_vehicle/collision,0,-36.318931579589844,11.406689643859863,6.668570518493652
58.341821845,423,58,341821845,ego_vehicle/collision,0,-34.27908706665039,10.766036033630371,6.294031620025635
58.341821845,424,58,341821845,ego_vehicle/collision,0,-4.298835277557373,1.3501354455947876,0.7893152236938477
58.341821845,425,58,341821845,ego_vehicle/collision,0,-18.92109489440918,5.9425506591796875,3.4741291999816895
58.341821845,426,58,341821845,ego_vehicle/collision,0,-37.49717330932617,11.776740074157715,6.884908676147461
58.341821845,427,58,341821845,ego_vehicle/collision,0,-34.31246566772461,10.776519775390625,6.3001604080200195
58.391821846,428,58,391821846,ego_vehicle/collision,0,-9.231306076049805,2.8992769718170166,1.6949732303619385
58.391821846,429,58,391821846,ego_vehicle/collision,0,-1.6854572296142578,0.5293517112731934,0.30946919322013855
58.391821846,430,58,391821846,ego_vehicle/collision,0,-10.072128295898438,3.1633543968200684,1.8493578433990479
58.391821846,431,58,391821846,ego_vehicle/collision,0,-2.648430109024048,0.8317926526069641,0.48628199100494385
58.441821847,432,58,441821847,ego_vehicle/collision,0,-10.868025779724121,3.4133219718933105,1.995493769645691
58.441821847,433,58,441821847,ego_vehicle/collision,0,-15.925633430480957,5.001765251159668,2.9241280555725098
58.441821847,434,58,441821847,ego_vehicle/collision,0,-16.085411071777344,5.051946640014648,2.953465223312378
58.441821847,435,58,441821847,ego_vehicle/collision,0,-1.3543996810913086,0.42537641525268555,0.24868324398994446
58.441821847,436,58,441821847,ego_vehicle/collision,0,-12.519723892211914,3.932070732116699,2.298764228820801
58.491821847,437,58,491821847,ego_vehicle/collision,0,-27.364641189575195,8.594415664672852,5.024460792541504
58.491821847,438,58,491821847,ego_vehicle/collision,0,-37.63435745239258,11.819825172424316,6.910097599029541
58.491821847,439,58,491821847,ego_vehicle/collision,0,-25.924861907958984,8.142224311828613,4.760100364685059
58.491821847,440,58,491821847,ego_vehicle/collision,0,-18.91426658630371,5.940405368804932,3.472874879837036
58.491821847,441,58,491821847,ego_vehicle/collision,0,-43.61266326904297,13.697433471679688,8.007783889770508
58.541821848,442,58,541821848,ego_vehicle/collision,0,-49.12876510620117,15.429875373840332,9.020602226257324
58.541821848,443,58,541821848,ego_vehicle/collision,0,-44.74064254760742,14.051697731018066,8.214893341064453
58.541821848,444,58,541821848,ego_vehicle/collision,0,-48.82157516479492,15.333396911621094,8.96419906616211
58.541821848,445,58,541821848,ego_vehicle/collision,0,-34.00410461425781,10.679671287536621,6.243541717529297
58.541821848,446,58,541821848,ego_vehicle/collision,0,-10.784319877624512,3.3870325088500977,1.9801243543624878
58.591821849,447,58,591821849,ego_vehicle/collision,0,-6.296659469604492,1.9775924682617188,1.15613853931427
58.591821849,448,58,591821849,ego_vehicle/collision,0,-0.327212393283844,0.10276762396097183,0.06007993221282959
58.591821849,449,58,591821849,ego_vehicle/collision,0,-8.470579147338867,2.660355567932129,1.5552951097488403
58.64182185,450,58,641821850,ego_vehicle/collision,0,-8.450221061706543,2.653961420059204,1.551556944847107
58.64182185,451,58,641821850,ego_vehicle/collision,0,-1.490256667137146,0.4680449962615967,0.2736281156539917
58.64182185,452,58,641821850,ego_vehicle/collision,0,-9.711047172546387,3.0499491691589355,1.783059000968933
58.64182185,453,58,641821850,ego_vehicle/collision,0,-1.5987268686294556,0.5021123290061951,0.2935445010662079
58.69182185,454,58,691821850,ego_vehicle/collision,0,-7.212814807891846,2.2527999877929688,1.3232568502426147
58.69182185,455,58,691821850,ego_vehicle/collision,0,-38.866050720214844,12.13914966583252,7.130331993103027
58.69182185,456,58,691821850,ego_vehicle/collision,0,-39.54057693481445,12.34982681274414,7.254079341888428
58.69182185,457,58,691821850,ego_vehicle/collision,0,-46.78357696533203,14.612055778503418,8.582874298095703
58.69182185,458,58,691821850,ego_vehicle/collision,0,-43.50368118286133,13.587635040283203,7.981147289276123
58.741821851,459,58,741821851,ego_vehicle/collision,0,-8.655460357666016,2.703386068344116,1.587923288345337
58.741821851,460,58,741821851,ego_vehicle/collision,0,-1.6019867658615112,0.5003533363342285,0.2938991189002991
58.741821851,461,58,741821851,ego_vehicle/collision,0,-5.159601211547852,1.6115137338638306,0.9465759992599487
58.741821851,462,58,741821851,ego_vehicle/collision,0,-1.7363543510437012,0.5423207879066467,0.3185500502586365
58.741821851,463,58,741821851,ego_vehicle/collision,0,-10.434408187866211,3.259009838104248,1.9142873287200928
