Time,header.seq,header.stamp.secs,header.stamp.nsecs,header.frame_id,velocity,acceleration.linear.x,acceleration.linear.y,acceleration.linear.z,acceleration.angular.x,acceleration.angular.y,acceleration.angular.z,orientation.x,orientation.y,orientation.z,orientation.w,control.header.seq,control.header.stamp.secs,control.header.stamp.nsecs,control.header.frame_id,control.throttle,control.steer,control.brake,control.hand_brake,control.reverse,control.gear,control.manual_gear_shift
11.463133512,178,11,463133512,map,0.00024531857343390584,-3.6590445233741775e-05,9.863339073490351e-05,0.005774879828095436,0.0,0.0,0.0,-3.4627285827322253e-06,-0.0005599259450522871,-1.109613950423913e-06,0.9999998432348449,0,0,0,,0.8422051668167114,-0.0011029839515686035,0.0,False,False,0,False
11.513133512,179,11,513133512,map,6.985670188441873e-05,-2.8280206606723368e-05,6.495523120975122e-05,0.0035104749258607626,0.0,0.0,0.0,-2.1311485401175755e-06,-0.0005594491653446849,-1.1101082888834735e-06,0.9999998435054164,0,0,0,,0.8422178030014038,-0.00110703706741333,0.0,False,False,0,False
11.563133513,180,11,563133513,map,3.820621714112349e-05,-3.8142949051689357e-05,6.667647539870813e-05,0.0021554946433752775,0.0,0.0,0.0,-2.1311485401175755e-06,-0.0005594491653446849,-1.1101082888834735e-06,0.9999998435054164,0,0,0,,0.8422192335128784,-0.0011091232299804688,0.0,False,False,0,False
11.613133514,181,11,613133514,map,7.192756311269477e-05,2.3842994778533466e-06,-8.444896593573503e-06,0.0006746291765011847,0.0,0.0,0.0,-2.1311485401175755e-06,-0.0005594491653446849,-1.1101082888834735e-06,0.9999998435054164,0,0,0,,0.8422173261642456,-0.0011095702648162842,0.0,False,False,0,False
11.663133515,182,11,663133515,map,7.870045374147594e-05,-4.790865659742849e-07,1.0768849278974812e-05,0.00013580327504314482,0.0,0.0,0.0,-1.0658848160870284e-06,-0.0005591511213955546,-1.1107373310670857e-06,0.9999998436738146,0,0,0,,0.8422129154205322,-0.0011091232299804688,0.0,False,False,0,False
11.663133515,183,11,713133515,map,7.099611684679985e-05,-3.3209312277904246e-06,8.539574992028065e-06,-0.00015392302884720266,0.0,0.0,0.0,-1.0658848160870284e-06,-0.0005591511213955546,-1.1107373310670857e-06,0.9999998436738146,0,0,0,,0.8422129154205322,-0.001109004020690918,0.0,False,False,0,False
11.763133516,184,11,763133516,map,5.6773817050270736e-05,-3.1512570330960443e-06,5.030847205489408e-06,-0.00028438569279387593,0.0,0.0,0.0,-1.0658848160870284e-06,-0.0005591511213955546,-1.1107373310670857e-06,0.9999998436738146,0,0,0,,0.84221351146698,-0.0011090636253356934,0.0,False,False,0,False
11.813133517,185,11,813133517,map,0.3427635729312897,6.855258464813232,0.008229950442910194,-0.00038013458834029734,0.0,0.0,0.0,1.2607478911259335e-06,-0.0009568331890864712,2.3980480154728303e-06,0.9999995422313492,0,0,0,,0.8422145843505859,-0.0011092424392700195,0.0,False,False,0,False
11.813133517,186,11,863133518,map,0.9530104398727417,12.20494270324707,-0.008928586728870869,-0.0017925261054188013,0.0,0.0,0.0,7.594598326838911e-08,-0.0027742347554266158,2.6633405297792567e-06,0.999996151799807,0,0,0,,0.8523938655853271,0.00010919570922851562,0.0,False,False,1,False
11.913133518,187,11,913133518,map,1.3181071281433105,7.294094562530518,0.6435298919677734,-0.00201072683557868,0.0,0.0,0.0,0.00021360000523712233,-0.004276294552138338,0.00040943116016319334,0.9999907499802517,0,0,0,,0.7509896755218506,-0.03237426280975342,0.0,False,False,1,False
11.963133519,188,11,963133519,map,1.4688054323196411,3.0115628242492676,0.13289622962474823,3.3950782380998135e-05,0.0,0.0,0.0,0.0003219716222409098,-0.00485866600473281,0.0008920938299687137,0.9999877468586941,0,0,0,,0.72434401512146,-0.031169891357421875,0.0,False,False,1,False
11.963133519,189,12,13133520,map,1.5329889059066772,1.2815642356872559,0.09437993168830872,0.0020496367942541838,0.0,0.0,0.0,0.0003367668277368761,-0.004568528722648673,0.001527215122690494,0.9999883413057289,0,0,0,,0.672640323638916,-0.03180655837059021,0.0,False,False,1,False
12.01313352,190,12,63133521,map,1.6094387769699097,1.5323209762573242,-0.10798752307891846,0.0017501830589026213,0.0,0.0,0.0,0.0002482310020795673,-0.003998634471634099,0.0019178889761975143,0.9999901354541488,0,0,0,,0.6715962886810303,-0.0214749276638031,0.0,False,False,1,False
12.113133521,191,12,113133521,map,1.6924954652786255,1.6598820686340332,0.07187776267528534,0.0008972167270258069,0.0,0.0,0.0,0.0001968361519032652,-0.0034346562420672273,0.0024494066889072844,0.999991082359688,0,0,0,,0.6569801568984985,-0.023873060941696167,0.0,False,False,1,False
12.163133522,192,12,163133522,map,1.7775485515594482,1.6948723793029785,0.2479010820388794,0.0001588821760378778,0.0,0.0,0.0,0.00022829571470584778,-0.002973539947055041,0.002983109039120491,0.9999911034612811,0,0,0,,0.6338169574737549,-0.031737297773361206,0.0,False,False,1,False
12.213133523,193,12,213133523,map,1.8605539798736572,1.6585421562194824,0.07641114294528961,-0.00024032589863054454,0.0,0.0,0.0,0.00023803478138114493,-0.002625912491410176,0.0036922524786158492,0.9999897075443649,0,0,0,,0.6236578226089478,-0.029686808586120605,0.0,False,False,1,False
12.263133523,194,12,263133523,map,1.9406983852386475,1.600334644317627,0.10567367076873779,-0.00038871768629178405,0.0,0.0,0.0,0.00023379846591067092,-0.0023722336900779315,0.004296716447405269,0.9999879279638167,0,0,0,,0.6157699823379517,-0.029694467782974243,0.0,False,False,1,False
12.313133524,195,12,313133524,map,2.016688108444214,1.5261459350585938,-0.19249387085437775,-0.000347328168572858,0.0,0.0,0.0,0.000133454001231177,-0.0021878781424265687,0.004867964194485794,0.9999857490503875,0,0,0,,0.6106321811676025,-0.01799258589744568,0.0,False,False,1,False
12.363133525,196,12,363133525,map,2.0884525775909424,1.4371538162231445,-0.05508489906787872,-0.0003349304024595767,0.0,0.0,0.0,4.4721959502224236e-05,-0.002049179420092042,0.005218499244468808,0.9999842829411301,0,0,0,,0.5970103740692139,-0.015322595834732056,0.0,False,False,1,False
12.413133526,197,12,413133526,map,2.154536485671997,1.316375732421875,0.2176050841808319,-0.00020236970158293843,0.0,0.0,0.0,7.612815392267689e-05,-0.0019358475344870148,0.005784734803654903,0.9999813915979031,0,0,0,,0.5892559289932251,-0.022924154996871948,0.0,False,False,1,False
12.463133526,198,12,463133526,map,2.2157044410705566,1.2222957611083984,0.05442604422569275,-0.00020503996347542852,0.0,0.0,0.0,9.915047481631207e-05,-0.0018373220535588698,0.006275316222619224,0.9999786171829682,0,0,0,,0.5794918537139893,-0.020792901515960693,0.0,False,False,1,False
12.463133526,199,12,513133527,map,2.2698216438293457,1.0940361022949219,-0.48867350816726685,-4.615783836925402e-05,0.0,0.0,0.0,-7.009953953097475e-05,-0.0017460156235307085,0.006525877719632449,0.999977179457354,0,0,0,,0.5514129400253296,-0.0004547238349914551,0.0,False,False,1,False
12.563133528,200,12,563133528,map,2.317591428756714,0.9563589096069336,-0.049152523279190063,-4.177093069301918e-05,0.0,0.0,0.0,-0.00015988276396070137,-0.0016525482599698657,0.006552636334554149,0.9999771529784155,0,0,0,,0.5542330741882324,-0.0023348331451416016,0.0,False,False,1,False
12.563133528,201,12,613133529,map,2.3602981567382812,0.8545684814453125,-0.020459145307540894,7.820131031621713e-06,0.0,0.0,0.0,-0.00016990456038816747,-0.0015587555757733363,0.006668484276944488,0.9999765360901942,0,0,0,,0.547655463218689,-0.0024330615997314453,0.0,False,False,1,False
12.613133529,202,12,663133529,map,2.398641586303711,0.7630491256713867,0.22278398275375366,2.8038026357535273e-05,0.0,0.0,0.0,-7.440517096060169e-05,-0.0014671735665499237,0.006828426579605333,0.9999756069305107,0,0,0,,0.5405761003494263,-0.010061770677566528,0.0,False,False,1,False
12.71313353,203,12,713133530,map,2.4335227012634277,0.6972599029541016,0.025012418627738953,-4.1961669921875e-05,0.0,0.0,0.0,-1.121798369463675e-05,-0.0013816305860226547,0.007108414385288389,0.9999737803642692,0,0,0,,0.5423710346221924,-0.008174687623977661,0.0,False,False,1,False
12.763133531,204,12,763133531,map,2.4653217792510986,0.6435823440551758,-0.509438157081604,6.179809133755043e-05,0.0,0.0,0.0,-0.00015816381850629663,-0.0013053413547979328,0.006960691145347187,0.9999749096087025,0,0,0,,0.5318212509155273,0.01054459810256958,0.0,False,False,1,False
12.813133532,205,12,813133532,map,2.494910717010498,0.5910730361938477,0.07232338190078735,-2.3841854272177443e-05,0.0,0.0,0.0,-0.00018459977357575182,-0.0012367204079230206,0.006859472644597934,0.9999756917448515,0,0,0,,0.5371439456939697,0.003355681896209717,0.0,False,False,1,False
12.863133532,206,12,863133532,map,2.522946357727051,0.5608367919921875,-0.008384734392166138,-2.8038026357535273e-05,0.0,0.0,0.0,-0.0001604063811716644,-0.0011778182362062702,0.006714641636144658,0.9999767500305662,0,0,0,,0.5342726707458496,0.003525674343109131,0.0,False,False,1,False
12.913133533,207,12,913133533,map,2.5498123168945312,0.5374622344970703,-0.010881759226322174,-6.484985988208791e-06,0.0,0.0,0.0,-0.00012965297683621458,-0.0011287254486951077,0.006646774805137532,0.9999772645183773,0,0,0,,0.5348219871520996,0.003568887710571289,0.0,False,False,1,False
12.963133534,208,12,963133534,map,2.5758447647094727,0.5206871032714844,-0.0010722875595092773,-1.0490416570974048e-05,0.0,0.0,0.0,-0.00010050761828272854,-0.001088938450688143,0.006507267739316856,0.9999782295519428,0,0,0,,0.5354560613632202,0.003477931022644043,0.0,False,False,1,False
13.013133535,209,13,13133535,map,2.6014537811279297,0.512232780456543,-0.003015771508216858,5.912779670325108e-06,0.0,0.0,0.0,-7.60163719977184e-05,-0.0010577186317929056,0.006437789966749948,0.9999787149300485,0,0,0,,0.5361411571502686,0.003424525260925293,0.0,False,False,1,False
13.063133535,210,13,63133535,map,2.6261086463928223,0.4930543899536133,0.006815493106842041,-1.3923644473834429e-05,0.0,0.0,0.0,-5.527080988872718e-05,-0.0010331385750491384,0.006306522787142664,0.9999795784615593,0,0,0,,0.5286417007446289,0.003155648708343506,0.0,False,False,1,False
13.063133535,211,13,113133536,map,2.649667263031006,0.47116756439208984,0.0031110644340515137,1.7166144061775412e-06,0.0,0.0,0.0,-3.842343946974884e-05,-0.0010118694773732391,0.006244224247743747,0.9999799919535111,0,0,0,,0.5294468402862549,0.0029808878898620605,0.0,False,False,1,False
13.163133537,212,13,163133537,map,2.672506093978882,0.4532337188720703,0.28452616930007935,-2.9945371352368966e-05,0.0,0.0,0.0,6.485592982894798e-05,-0.0009925648586304697,0.0062962589256758995,0.9999796836597485,0,0,0,,0.5303480625152588,-0.005960613489151001,0.0,False,False,1,False
13.163133537,213,13,213133538,map,2.694087266921997,0.43746471405029297,-0.6246895790100098,1.296997106692288e-05,0.0,0.0,0.0,-0.00010194842309392573,-0.0009761247130165217,0.006055883171930205,0.9999811813559653,0,0,0,,0.521835207939148,0.016415119171142578,0.0,False,False,1,False
13.263133538,214,13,263133538,map,2.715749502182007,0.4300880432128906,0.42762720584869385,2.2506716049974784e-05,0.0,0.0,0.0,-3.6652309245612435e-05,-0.0009603455597865191,0.005927585848882198,0.9999819698969667,0,0,0,,0.5386154651641846,-0.0025152266025543213,0.0,False,False,1,False
13.263133538,215,13,313133539,map,2.738008737564087,0.4470634460449219,-0.19578751921653748,-3.2424929941043956e-06,0.0,0.0,0.0,-4.719284288298944e-05,-0.0009501506648300678,0.005829040219201195,0.9999825584862331,0,0,0,,0.532167911529541,0.006344020366668701,0.0,False,False,1,False
13.36313354,216,13,363133540,map,2.760234832763672,0.4453754425048828,-0.1319793164730072,-7.24792471373803e-06,0.0,0.0,0.0,-9.94129147192225e-05,-0.0009436918431515625,0.005564012021715224,0.999984070539626,0,0,0,,0.536262035369873,0.008870184421539307,0.0,False,False,1,False
13.413133541,217,13,413133541,map,2.7829439640045166,0.45461177825927734,-0.09788021445274353,1.9073468138230965e-07,0.0,0.0,0.0,-0.00013883907588348168,-0.0009407717867789701,0.005286478359998047,0.9999855743053023,0,0,0,,0.5377206802368164,0.010031819343566895,0.0,False,False,1,False
13.463133541,218,13,463133541,map,2.805889129638672,0.4590463638305664,-0.0483490526676178,2.346038854739163e-05,0.0,0.0,0.0,-0.0001498113732348763,-0.0009403007663375283,0.00494905203770854,0.9999873000568302,0,0,0,,0.5384597778320312,0.009816646575927734,0.0,False,False,1,False
13.513133542,219,13,513133542,map,2.829153060913086,0.4653596878051758,-0.03700953722000122,-2.0408628188306466e-05,0.0,0.0,0.0,-0.0001423572134086172,-0.0009418896324944318,0.004654782233681249,0.9999887127266492,0,0,0,,0.5388213396072388,0.009617805480957031,0.0,False,False,1,False
13.563133543,220,13,563133543,map,2.8522043228149414,0.4496574401855469,1.0397775173187256,1.1253356205997989e-05,0.0,0.0,0.0,0.00022044722354022455,-0.0009415023029270402,0.004976563836643466,0.9999871493118373,0,0,0,,0.5433247089385986,-0.022446900606155396,0.0,False,False,1,False
13.613133544,221,13,613133544,map,2.875375986099243,0.47234535217285156,-0.6018885374069214,-4.272460500942543e-05,0.0,0.0,0.0,0.00016136310019897144,-0.0009448167562315919,0.00510060917040239,0.9999865324439815,0,0,0,,0.5311174392700195,0.005118668079376221,0.0,False,False,1,False
13.663133544,222,13,663133544,map,2.897826671600342,0.4510354995727539,-0.2943180799484253,6.713867333019152e-05,0.0,0.0,0.0,-2.1779880906749366e-05,-0.0009460422347774483,0.004847172889022254,0.9999878046479921,0,0,0,,0.5389585494995117,0.010365605354309082,0.0,False,False,1,False
13.663133544,223,13,713133545,map,2.9207160472869873,0.45805931091308594,-0.07397381961345673,-6.008147829561494e-05,0.0,0.0,0.0,-0.00011712848198106006,-0.0009459925225247987,0.004558932271098855,0.9999891536989856,0,0,0,,0.5410913228988647,0.009115159511566162,0.0,False,False,1,False
13.763133546,224,13,763133546,map,2.9438509941101074,0.4628562927246094,-0.06472718715667725,-5.149840944795869e-06,0.0,0.0,0.0,-0.00015205177730824975,-0.0009465782901891494,0.0042369267880600055,0.9999905646160819,0,0,0,,0.5414283275604248,0.009176075458526611,0.0,False,False,1,False
13.763133546,225,13,813133547,map,2.967625856399536,0.47554969787597656,-0.034203749150037766,0.0,0.0,0.0,0.0,-0.00015178462396406645,-0.0009484395972229421,0.0039485091915152735,0.999991743315375,0,0,0,,0.5464695692062378,0.008658051490783691,0.0,False,False,1,False
13.813133547,226,13,863133547,map,2.992396593093872,0.4954242706298828,-0.006863516755402088,-3.776550147449598e-05,0.0,0.0,0.0,-0.00013047146366875135,-0.0009529061161788793,0.003658513528339524,0.9999928450873505,0,0,0,,0.5509915351867676,0.007770717144012451,0.0,False,False,1,False
13.913133548,227,13,913133548,map,3.0181398391723633,0.5148792266845703,-0.012992923147976398,2.841949390131049e-05,0.0,0.0,0.0,-0.0001064521059850605,-0.0009605986216840968,0.0034047376666158156,0.9999937368202156,0,0,0,,0.5512145757675171,0.007395684719085693,0.0,False,False,1,False
13.913133548,228,13,963133549,map,3.0452005863189697,0.5411481857299805,-0.1584399938583374,-4.57763690064894e-06,0.0,0.0,0.0,-0.00013391839735458068,-0.0009712541186396051,0.003056370860623458,0.999994848650963,0,0,0,,0.5616234540939331,0.011165440082550049,0.0,False,False,1,False
13.963133549,229,14,13133550,map,3.0740528106689453,0.5770158767700195,-0.01722300425171852,6.8664553509734105e-06,0.0,0.0,0.0,-0.0001352781905275222,-0.0009861118550218966,0.002711489711311083,0.9999958285446825,0,0,0,,0.5629942417144775,0.009561896324157715,0.0,False,False,1,False
14.06313355,230,14,63133550,map,3.1039178371429443,0.5971908569335938,-0.04779373109340668,-4.57763690064894e-06,0.0,0.0,0.0,-0.00012945650498846154,-0.0010035140882920853,0.002361821656798523,0.9999966989940263,0,0,0,,0.5632320642471313,0.009757041931152344,0.0,False,False,1,False
14.113133551,231,14,113133551,map,3.134270191192627,0.6070613861083984,0.004917066544294357,-6.294251306826482e-06,0.0,0.0,0.0,-0.00010736888848606969,-0.0010210104984886743,0.0020441279604305864,0.9999973837717604,0,0,0,,0.5637164115905762,0.008366644382476807,0.0,False,False,1,False
14.113133551,232,14,163133552,map,3.165091037750244,0.616602897644043,0.1043139100074768,-3.6239612200006377e-06,0.0,0.0,0.0,-4.818310449887642e-05,-0.0010367330102079046,0.0018175535622740552,0.9999978096786525,0,0,0,,0.5676127672195435,0.004762887954711914,0.0,False,False,1,False
14.163133552,233,14,213133553,map,3.1960556507110596,0.6192684173583984,0.1429574340581894,2.708435022213962e-05,0.0,0.0,0.0,3.078002001406715e-05,-0.0010501823805317365,0.001713239922126476,0.9999979804872244,0,0,0,,0.5635608434677124,0.0012328624725341797,0.0,False,False,1,False
14.263133553,234,14,263133553,map,3.227372169494629,0.6261062622070312,0.1048860028386116,-2.3269654775504023e-05,0.0,0.0,0.0,9.189885029820609e-05,-0.0010608676806028892,0.0016962609905669843,0.9999979944044977,0,0,0,,0.5704762935638428,-0.0005040764808654785,0.0,False,False,1,False
14.313133554,235,14,313133554,map,3.259962558746338,0.6515932083129883,0.06452564150094986,2.6702880859375e-05,0.0,0.0,0.0,0.00012120377562641563,-0.0010715435522175574,0.0017237237923890519,0.9999979329380376,0,0,0,,0.576552152633667,-0.0011664330959320068,0.0,False,False,1,False
14.363133555,236,14,363133555,map,3.294221878051758,0.684967041015625,0.05317810922861099,-5.912780125072459e-06,0.0,0.0,0.0,0.00012935319831828027,-0.0010848144059314774,0.00177806247663664,0.9999978224672711,0,0,0,,0.5817356109619141,-0.0017699003219604492,0.0,False,False,1,False
14.413133556,237,14,413133556,map,3.331310987472534,0.7423496246337891,-0.16682647168636322,-4.00543212890625e-05,0.0,0.0,0.0,5.765472229689421e-05,-0.0011033626632499212,0.0017263206253789484,0.9999978995397263,0,0,0,,0.5981252193450928,0.0033273696899414062,0.0,False,False,1,False
14.413133556,238,14,463133556,map,3.3713622093200684,0.8011627197265625,-0.11539500206708908,1.9645689462777227e-05,0.0,0.0,0.0,-2.3521522208668686e-05,-0.0011296057460971844,0.0015744304729242069,0.9999981223013782,0,0,0,,0.597368597984314,0.00494837760925293,0.0,False,False,1,False
14.463133556,239,14,513133557,map,3.4135704040527344,0.8432292938232422,0.3346545696258545,-2.5176999770337716e-05,0.0,0.0,0.0,5.569794436094142e-05,-0.0011603535826959174,0.0016245889009064334,0.9999980055921136,0,0,0,,0.603227972984314,-0.005205482244491577,0.0,False,False,1,False
14.563133558,240,14,563133558,map,3.457611560821533,0.8810567855834961,-0.04593281075358391,1.1825563888123725e-05,0.0,0.0,0.0,7.710441459278103e-05,-0.0011938698354662834,0.0017095705433346335,0.9999978230467717,0,0,0,,0.6018894910812378,-0.0012916028499603271,0.0,False,False,1,False
14.613133559,241,14,613133559,map,3.5040457248687744,0.9292411804199219,-0.16876238584518433,3.986358569818549e-05,0.0,0.0,0.0,1.1340287180574067e-05,-0.0012282554529967824,0.0016618216635064318,0.99999786480207,0,0,0,,0.618101954460144,0.0031970739364624023,0.0,False,False,1,False
14.663133559,242,14,663133559,map,3.553546190261841,0.9901523590087891,-0.16831903159618378,-2.8228758310433477e-05,0.0,0.0,0.0,-7.722032452153623e-05,-0.001265760413113389,0.0014816808596236992,0.999998098252906,0,0,0,,0.6204439401626587,0.006012916564941406,0.0,False,False,1,False
14.71313356,243,14,713133560,map,3.6056480407714844,1.0420417785644531,0.03144048526883125,-9.536756806483027e-07,0.0,0.0,0.0,-9.2825696085207e-05,-0.0013055240026743225,0.0013146777098564791,0.9999982793050136,0,0,0,,0.6253941059112549,0.0032198429107666016,0.0,False,False,1,False
14.763133561,244,14,763133561,map,3.660242795944214,1.0918951034545898,-0.014211663976311684,-1.8692015146370977e-05,0.0,0.0,0.0,-8.417234729176396e-05,-0.0013465085762576505,0.0011743371122763392,0.999998400379729,0,0,0,,0.6302666664123535,0.003214120864868164,0.0,False,False,1,False
14.813133561,245,14,813133561,map,3.7166202068328857,1.1272668838500977,0.21257393062114716,-6.0272213886491954e-05,0.0,0.0,0.0,-2.348033587250085e-07,-0.0013870603881982549,0.0011747162408023645,0.9999983480512246,0,0,0,,0.6301469802856445,-0.0024780333042144775,0.0,False,False,1,False
14.863133562,246,14,863133562,map,3.774730682373047,1.1612510681152344,0.2275831252336502,6.217956251930445e-05,0.0,0.0,0.0,0.00011236720336511318,-0.001424936642062289,0.0013490466988988997,0.9999980684992257,0,0,0,,0.6409550905227661,-0.006204098463058472,0.0,False,False,1,False
14.863133562,247,14,913133563,map,3.8350276947021484,1.2070083618164062,-0.26956892013549805,8.773804438533261e-06,0.0,0.0,0.0,5.531628484007274e-05,-0.0014616095901435005,0.0013729353039708843,0.9999979878410584,0,0,0,,0.6472327709197998,0.002962648868560791,0.0,False,False,1,False
14.963133564,248,14,963133564,map,3.8981223106384277,1.2618827819824219,0.0038002245128154755,-1.831054760259576e-05,0.0,0.0,0.0,9.008483309934685e-06,-0.0014986879237271111,0.0013249312918044676,0.9999979992032116,0,0,0,,0.6607184410095215,0.0009853839874267578,0.0,False,False,1,False
14.963133564,249,15,13133564,map,3.963907241821289,1.3156461715698242,0.025637317448854446,2.765655517578125e-05,0.0,0.0,0.0,9.354429389708163e-07,-0.0015375608397958337,0.0013012169654022594,0.9999979713680412,0,0,0,,0.6634324789047241,0.00013589859008789062,0.0,False,False,1,False
15.063133565,250,15,63133565,map,4.031700611114502,1.356062889099121,-0.11503532528877258,4.234314110362902e-05,0.0,0.0,0.0,-3.722543855157377e-05,-0.0015765886548044928,0.001219664240913558,0.999998012698835,0,0,0,,0.6687662601470947,0.002980053424835205,0.0,False,False,1,False
15.113133566,251,15,113133566,map,4.101853847503662,1.4028358459472656,0.1298859566450119,-8.659363084007055e-05,0.0,0.0,0.0,-1.0311783213080891e-05,-0.0016152390247148936,0.0012002649318468422,0.9999979751282768,0,0,0,,0.6796348094940186,-0.001193314790725708,0.0,False,False,1,False
15.163133567,252,15,163133567,map,4.175471305847168,1.4715766906738281,0.2085980772972107,1.869201696536038e-05,0.0,0.0,0.0,7.453864087449742e-05,-0.0016556585806017632,0.001334627682787169,0.999997736001239,0,0,0,,0.6955219507217407,-0.004991978406906128,0.0,False,False,1,False
15.213133567,253,15,213133567,map,4.2532196044921875,1.5539360046386719,0.17784714698791504,1.1062620615120977e-05,0.0,0.0,0.0,0.0001576599543905966,-0.0017008668268399757,0.0015922981656349624,0.9999972733872468,0,0,0,,0.7056484222412109,-0.0067390501499176025,0.0,False,False,1,False
15.263133568,254,15,263133568,map,4.335085868835449,1.6358661651611328,0.1880364865064621,-3.3569333027116954e-05,0.0,0.0,0.0,0.00022612837419556567,-0.0017518789846876946,0.0019471563710639504,0.9999965441780526,0,0,0,,0.7166533470153809,-0.008478313684463501,0.0,False,False,1,False
15.313133569,255,15,313133569,map,4.422453880310059,1.7452526092529297,0.2162499725818634,-8.773804438533261e-06,0.0,0.0,0.0,0.0002873482696322132,-0.0018096265067895766,0.002401345448579107,0.9999954381010518,0,0,0,,0.7419447898864746,-0.010440170764923096,0.0,False,False,1,False
15.36313357,256,15,363133570,map,4.518235683441162,1.9155216217041016,0.021487325429916382,-4.234314474160783e-05,0.0,0.0,0.0,0.0002755478531516737,-0.0018810638240110533,0.002832238273917768,0.9999941820323908,0,0,0,,0.7753140926361084,-0.0074582695960998535,0.0,False,False,1,False
15.41313357,257,15,413133570,map,4.624574661254883,2.124662399291992,0.18685199320316315,1.5258774510584772e-06,0.0,0.0,0.0,0.00028034244587804124,-0.0019727746247527665,0.003293526420730202,0.9999925910986086,0,0,0,,0.8053520917892456,-0.00985020399093628,0.0,False,False,1,False
15.463133571,258,15,463133571,map,4.742303848266602,2.3485946655273438,0.41437649726867676,-8.163451275322586e-05,0.0,0.0,0.0,0.00037269819159121655,-0.0020869093324614903,0.003953404568777177,0.999989938198286,0,0,0,,0.8319375514984131,-0.01569235324859619,0.0,False,False,1,False
15.513133572,259,15,513133572,map,4.872039318084717,2.586507797241211,0.45214444398880005,-9.32693510549143e-05,0.0,0.0,0.0,0.0005031229838302379,-0.0022222684508625065,0.004849081650528147,0.999985647295671,0,0,0,,0.8594615459442139,-0.01943221688270569,0.0,False,False,1,False
15.563133573,260,15,563133573,map,5.01446533203125,2.840738296508789,0.3730817139148712,-1.3351418601814657e-05,0.0,0.0,0.0,0.0005980029988960333,-0.0023770662149861206,0.00589118448089053,0.9999796427398084,0,0,0,,0.8875110149383545,-0.020023584365844727,0.0,False,False,1,False
15.613133573,261,15,613133573,map,5.169119834899902,3.083219528198242,0.41856035590171814,0.058133311569690704,0.0,0.0,0.0,0.0006790514185919644,-0.0025613118054213426,0.007052597652611704,0.9999716193159466,0,0,0,,0.8934684991836548,-0.021560221910476685,0.0,False,False,1,False
15.663133574,262,15,663133574,map,5.287057876586914,2.339620590209961,0.6625035405158997,-0.03690280765295029,0.0,0.0,0.0,0.0008233750928837703,-0.002707042249121568,0.008466095872457415,0.9999601588045378,0,0,0,,0.8955717086791992,-0.027747303247451782,0.0,False,False,1,False
15.713133575,263,15,713133575,map,5.527040958404541,4.787492752075195,0.4345044493675232,-0.02006225474178791,0.0,0.0,0.0,0.0008787525482806422,-0.0028909963706481457,0.010075120269300204,0.9999446794125678,0,0,0,,0.9060897827148438,-0.025292545557022095,0.0,False,False,1,False
15.763133576,264,15,763133576,map,5.52405309677124,-0.062713623046875,0.08072376251220703,-0.009240341372787952,0.0,0.0,0.0,0.0007870476541411608,-0.0028292346931151307,0.011385527023164749,0.9999308704912785,0,0,0,,0.9188098907470703,-0.020009934902191162,0.0,False,False,1,False
15.813133576,265,15,813133576,map,5.589611053466797,1.3064861297607422,0.15011638402938843,-0.0024248124100267887,0.0,0.0,0.0,0.000667001113772283,-0.002461665149793138,0.012914571758250544,0.9999133508212128,0,0,0,,0.918426513671875,-0.018251627683639526,0.0,False,False,0,False
15.813133576,266,15,863133577,map,5.518576622009277,-1.4253997802734375,0.09635478258132935,0.0006671913433820009,0.0,0.0,0.0,0.0005639007978129476,-0.0019447838944135838,0.013852475539027359,0.9999019995744257,0,0,0,,0.9208987951278687,-0.016936123371124268,0.0,False,False,0,False
15.913133578,267,15,913133578,map,6.027168273925781,10.163116455078125,0.4216277599334717,0.0012266152771189809,0.0,0.0,0.0,0.0005005023031848451,-0.002412969123916056,0.015212731825980092,0.9998812428822947,0,0,0,,0.9176688194274902,-0.012617826461791992,0.0,False,False,2,False
15.913133578,268,15,963133579,map,6.381014347076416,7.086639404296875,-0.12638866901397705,0.0004497531335800886,0.0,0.0,0.0,0.000307271937670599,-0.0035047505987707253,0.015991050638604842,0.9998659453180062,0,0,0,,0.9253771305084229,-0.0014915168285369873,0.0,False,False,2,False
15.963133579,269,16,13133579,map,6.816648006439209,8.734827041625977,-0.5330935120582581,0.0007125851698219776,0.0,0.0,0.0,-8.229819487684752e-05,-0.0045294483913451275,0.01599233483838814,0.9998618517328751,0,0,0,,0.9262082576751709,0.011940419673919678,0.0,False,False,2,False
16.06313358,270,16,63133580,map,7.087782382965088,5.445642471313477,-0.8016562461853027,0.0010839459719136357,0.0,0.0,0.0,-0.0005461383468362063,-0.0051315191572819,0.01517630333632103,0.9998715162765106,0,0,0,,0.9277524948120117,0.021020829677581787,0.0,False,False,2,False
16.113133581,271,16,113133581,map,7.441690444946289,7.095794677734375,-0.8330864906311035,0.0018840793054550886,0.0,0.0,0.0,-0.0009793698487056955,-0.005455878669288687,0.013652451753130252,0.9998914364988702,0,0,0,,0.9266854524612427,0.02710479497909546,0.0,False,False,2,False
16.163133582,272,16,163133582,map,7.6689982414245605,4.557180404663086,-0.7931560277938843,0.00174884800799191,0.0,0.0,0.0,-0.0012901095881483627,-0.005478572596160393,0.011657599875234188,0.999916207101729,0,0,0,,0.9326169490814209,0.02813887596130371,0.0,False,False,2,False
16.213133582,273,16,213133582,map,7.972339153289795,6.073493957519531,-0.8405106663703918,0.0018096922431141138,0.0,0.0,0.0,-0.001522974271845128,-0.005401736949641773,0.00933360908197133,0.9999406910056213,0,0,0,,0.9337608814239502,0.030348539352416992,0.0,False,False,2,False
16.213133582,274,16,263133583,map,8.178020477294922,4.115047454833984,-1.1887404918670654,0.001096534775570035,0.0,0.0,0.0,-0.0017989125823609255,-0.005203724163036773,0.006605093143882945,0.999963028273004,0,0,0,,0.9343503713607788,0.036222994327545166,0.0,False,False,2,False
16.313133584,275,16,313133584,map,8.450302124023438,5.440673828125,-0.951967716217041,0.0006662368541583419,0.0,0.0,0.0,-0.001980063745691855,-0.005021304000938312,0.003646172026377108,0.9999787854165944,0,0,0,,0.9371044635772705,0.03363299369812012,0.0,False,False,2,False
16.363133585,276,16,363133585,map,8.648275375366211,3.9468955993652344,-1.1393651962280273,0.0003198623307980597,0.0,0.0,0.0,-0.0021318994203185764,-0.004808118586274599,0.0005300872241720487,0.9999860279064186,0,0,0,,0.9354057312011719,0.035362422466278076,0.0,False,False,2,False
16.413133585,277,16,413133585,map,8.900452613830566,5.028018951416016,-0.9583255648612976,0.00017471313185524195,0.0,0.0,0.0,-0.00219471207731713,-0.004647057118578967,-0.002593163787318422,0.9999834316630485,0,0,0,,0.9385311603546143,0.03159904479980469,0.0,False,False,2,False
16.413133585,278,16,463133586,map,9.097500801086426,3.9246749877929688,-0.8025833964347839,-1.5258410712704062e-06,0.0,0.0,0.0,-0.0021460092323133647,-0.004486666738518352,-0.005535144887370933,0.9999723129352274,0,0,0,,0.9367568492889404,0.02683401107788086,0.0,False,False,2,False
16.513133587,279,16,513133587,map,9.33544635772705,4.745273590087891,-0.60994952917099,-6.675763870589435e-06,0.0,0.0,0.0,-0.001988196382688904,-0.004377566231008283,-0.008122850585364471,0.9999554506513804,0,0,0,,0.941725492477417,0.020665645599365234,0.0,False,False,2,False
16.563133588,280,16,563133588,map,9.535002708435059,3.9947128295898438,0.08929461240768433,2.0790103008039296e-05,0.0,0.0,0.0,-0.0015764134976793518,-0.004279001337393308,-0.009970437159808698,0.9999398959191903,0,0,0,,0.9436700344085693,0.00601118803024292,0.0,False,False,2,False
16.613133588,281,16,613133588,map,9.76270580291748,4.547367095947266,-0.3198122978210449,-0.00014362332876771688,0.0,0.0,0.0,-0.0012421533650847378,-0.004218344092034496,-0.011239691630782544,0.9999271633275014,0,0,0,,0.9450387954711914,0.007270634174346924,0.0,False,False,2,False
16.613133588,282,16,663133589,map,9.966428756713867,4.069976806640625,-0.22334933280944824,-0.00021572108380496502,0.0,0.0,0.0,-0.0009987709514339407,-0.004163156810854009,-0.01216294642283965,0.9999168632022714,0,0,0,,0.9457147121429443,0.004631996154785156,0.0,False,False,2,False
16.71313359,283,16,713133590,map,10.186328887939453,4.4000244140625,0.01838862895965576,-0.00030555727425962687,0.0,0.0,0.0,-0.0007281140412476681,-0.004131159971065007,-0.012690977965124358,0.999910667232591,0,0,0,,0.9487229585647583,-0.0006374120712280273,0.0,False,False,2,False
16.763133591,284,16,763133591,map,10.394299507141113,4.161624908447266,0.032942891120910645,-0.00020008088904432952,0.0,0.0,0.0,-0.0004730775550517833,-0.004104399564243281,-0.012864682288615403,0.9999087108588748,0,0,0,,0.95157790184021,-0.0024725496768951416,0.0,False,False,2,False
16.813133591,285,16,813133591,map,10.516921043395996,2.4573707580566406,0.1683187484741211,0.00012149810208939016,0.0,0.0,0.0,-0.0002371702284382711,-0.0039601630306900166,-0.01274375860680318,0.999910924770614,0,0,0,,0.954505443572998,-0.004853665828704834,0.0,False,False,2,False
16.863133592,286,16,863133592,map,10.49212646484375,-0.4862022399902344,0.4224345088005066,0.0008356093894690275,0.0,0.0,0.0,2.3811804404945458e-05,-0.0033228418268196457,-0.012309173400349621,0.9999187178993061,0,0,0,,0.9547610282897949,-0.00853016972541809,0.0,False,False,0,False
16.913133593,287,16,913133593,map,10.585234642028809,1.8749237060546875,0.5937418341636658,0.0005723952781409025,0.0,0.0,0.0,0.0003344232070961788,-0.0026883101987248787,-0.011485220512289274,0.9999303730056299,0,0,0,,0.956270694732666,-0.013078182935714722,0.0,False,False,0,False
16.913133593,288,16,963133594,map,10.989884376525879,8.09967041015625,0.29079318046569824,-0.0012464523315429688,0.0,0.0,0.0,0.0005543273464479928,-0.0031046657271832367,-0.010419066932869205,0.9999407466526024,0,0,0,,0.9559146165847778,-0.011190861463546753,0.0,False,False,3,False
17.013133594,289,17,13133594,map,11.350050926208496,7.211093902587891,0.4266461730003357,-0.0016866683727130294,0.0,0.0,0.0,0.0007244529700764535,-0.003894308870027304,-0.009217709961153847,0.9999496704081615,0,0,0,,0.9587116241455078,-0.012401431798934937,0.0,False,False,3,False
17.063133595,290,17,63133595,map,11.670655250549316,6.417675018310547,0.35801202058792114,-0.001160430838353932,0.0,0.0,0.0,0.000830050755509688,-0.0045449300583721205,-0.007976490137810942,0.9999575142132735,0,0,0,,0.9610254764556885,-0.010545790195465088,0.0,False,False,3,False
17.063133595,291,17,113133596,map,11.961774826049805,5.8254241943359375,0.211503803730011,-0.0001428603718522936,0.0,0.0,0.0,0.0008353228469272823,-0.0049339981642299345,-0.00685826213316474,0.9999639604197591,0,0,0,,0.9635097980499268,-0.006974995136260986,0.0,False,False,3,False
17.113133596,292,17,163133597,map,12.229469299316406,5.355682373046875,0.12788176536560059,0.0005533217336051166,0.0,0.0,0.0,0.0007659343874884156,-0.005088497201322342,-0.0059644614407908065,0.9999689723888775,0,0,0,,0.9642195701599121,-0.004137992858886719,0.0,False,False,3,False
17.213133597,293,17,213133597,map,12.478994369506836,4.993610382080078,0.27653515338897705,0.0008792877779342234,0.0,0.0,0.0,0.0007277209381056319,-0.005078100615652862,-0.0052076718766667016,0.999973281378057,0,0,0,,0.9658627510070801,-0.0053032636642456055,0.0,False,False,3,False
17.263133598,294,17,263133598,map,12.714639663696289,4.7148895263671875,0.19725918769836426,0.0008136749383993447,0.0,0.0,0.0,0.0006898607502456743,-0.00496943164357848,-0.004552541105682427,0.9999770513420626,0,0,0,,0.9668674468994141,-0.003807276487350464,0.0,False,False,3,False
17.313133599,295,17,313133599,map,12.939680099487305,4.502143859863281,0.14143824577331543,0.0006237030029296875,0.0,0.0,0.0,0.0006291242878554374,-0.00481407906626917,-0.004025044126997913,0.999980113734843,0,0,0,,0.9680523872375488,-0.002468198537826538,0.0,False,False,3,False
17.363133599,296,17,363133599,map,13.156673431396484,4.341773986816406,0.24115413427352905,0.0003545760700944811,0.0,0.0,0.0,0.0005994222398611012,-0.004646418449288616,-0.0035538170474239883,0.9999827107870245,0,0,0,,0.9694852828979492,-0.0036464929580688477,0.0,False,False,3,False
17.4131336,297,17,413133600,map,13.367666244506836,4.2208099365234375,0.1312170922756195,6.809234037064016e-05,0.0,0.0,0.0,0.0005551537055262275,-0.004486466184849021,-0.0031441313462632317,0.9999848388168757,0,0,0,,0.970404863357544,-0.0020446181297302246,0.0,False,False,3,False
17.463133601,298,17,463133601,map,13.574112892150879,4.129314422607422,0.05038037896156311,3.8909929571673274e-05,0.0,0.0,0.0,0.0004758952506406917,-0.004344394205896373,-0.0028514978758925123,0.999986384268585,0,0,0,,0.9710565805435181,-0.0005063414573669434,0.0,False,False,3,False
17.513133602,299,17,513133602,map,13.777043342590332,4.0595245361328125,0.14953717589378357,-0.00013656615919899195,0.0,0.0,0.0,0.00042690424208367947,-0.004224047239402723,-0.002613380453184653,0.9999875726329275,0,0,0,,0.9707794189453125,-0.001770108938217163,0.0,False,False,3,False
17.563133602,300,17,563133602,map,13.977198600769043,4.00390625,0.14554202556610107,-9.441373549634591e-05,0.0,0.0,0.0,0.0004030720057347439,-0.004124883624645237,-0.002375025018236111,0.9999885909970194,0,0,0,,0.970444917678833,-0.001955658197402954,0.0,False,False,3,False
17.563133602,301,17,613133603,map,14.175142288208008,3.9595985412597656,0.15099309384822845,-0.00016288759070448577,0.0,0.0,0.0,0.0003903475946020333,-0.004044584645377855,-0.002122827942273666,0.9999894912274476,0,0,0,,0.970367431640625,-0.0021828114986419678,0.0,False,False,3,False
17.663133604,302,17,663133604,map,14.371111869812012,3.9210891723632812,0.5193228125572205,-0.00012226102990098298,0.0,0.0,0.0,0.0005042386163980299,-0.0039800954387462645,-0.0016551104747176742,0.9999905825521722,0,0,0,,0.9700300693511963,-0.008043676614761353,0.0,False,False,3,False
17.713133605,303,17,713133605,map,14.565919876098633,3.896350860595703,0.0814833864569664,-0.00011692047701217234,0.0,0.0,0.0,0.0005197712540452742,-0.003928770836286289,-0.0011421133816335927,0.9999914950511244,0,0,0,,0.9715373516082764,-0.00208929181098938,0.0,False,False,3,False
17.713133605,304,17,763133605,map,14.759732246398926,3.8761520385742188,-0.050378330051898956,-5.4931642807787284e-05,0.0,0.0,0.0,0.00041676421910881467,-0.0038888825462086098,-0.0008239045411916012,0.9999920120088133,0,0,0,,0.9723238945007324,0.001035153865814209,0.0,False,False,3,False
17.813133606,305,17,813133606,map,14.95273208618164,3.8600921630859375,0.044631026685237885,-5.0926206313306466e-05,0.0,0.0,0.0,0.0003225653735767083,-0.0038581769254966082,-0.000667531929856574,0.999992282381976,0,0,0,,0.9714486598968506,0.0004075765609741211,0.0,False,False,3,False
17.863133607,306,17,863133607,map,15.144868850708008,3.843250274658203,0.37968710064888,-0.00010719298734329641,0.0,0.0,0.0,0.00036920963803537156,-0.003834095478396086,-0.00041950615016008287,0.9999924936771754,0,0,0,,0.9716126918792725,-0.004830747842788696,0.0,False,False,3,False
17.863133607,307,17,913133608,map,15.33646011352539,3.8318443298339844,0.01829013228416443,2.2125241230241954e-05,0.0,0.0,0.0,0.0003562518053148191,-0.0038152255859941683,-0.00017039928838359723,0.9999926440241756,0,0,0,,0.9716649055480957,-0.00010859966278076172,0.0,False,False,3,False
17.963133608,308,17,963133608,map,15.52746295928955,3.8201141357421875,0.18367213010787964,-1.2779237295035273e-05,0.0,0.0,0.0,0.00034598272894385433,-0.003800304177879174,5.590847204113256e-05,0.9999927174026566,0,0,0,,0.9719347953796387,-0.002094358205795288,0.0,False,False,3,False
18.013133609,309,18,13133609,map,15.674031257629395,2.9309654235839844,0.506790816783905,-3.1852719985181466e-05,0.0,0.0,0.0,0.00046291146966835655,-0.003749971319476848,0.0004874862529518369,0.9999927428662808,0,0,0,,0.970666766166687,-0.007340043783187866,0.0,False,False,3,False
18.013133609,310,18,63133610,map,15.662688255310059,-0.2271270751953125,0.15116408467292786,0.0007818221347406507,0.0,0.0,0.0,0.0005049762458829632,-0.0032475900900671446,0.000993119047696562,0.9999941059187074,0,0,0,,0.9699311256408691,-0.002625405788421631,0.0,False,False,0,False
18.113133611,311,18,113133611,map,15.65022087097168,-0.24953842163085938,0.08424751460552216,0.0007789611117914319,0.0,0.0,0.0,0.00046028894266825703,-0.0025781541622724733,0.0013916088054385129,0.9999956023303989,0,0,0,,0.9711333513259888,-0.0007815659046173096,0.0,False,False,0,False
18.113133611,312,18,163133611,map,15.95756721496582,6.146945953369141,0.0041547417640686035,-0.0003465652116574347,0.0,0.0,0.0,0.0003652656366272827,-0.0026145664901323427,0.001609220913463433,0.9999952205041457,0,0,0,,0.9707870483398438,0.0013962984085083008,0.0,False,False,4,False
18.163133611,313,18,213133612,map,16.230012893676758,5.449333190917969,-0.22229664027690887,-0.001194000244140625,0.0,0.0,0.0,0.00019234946736919984,-0.0031089808849227574,0.0015284306795343037,0.9999939805514819,0,0,0,,0.9720118045806885,0.005384206771850586,0.0,False,False,4,False
18.263133613,314,18,263133613,map,16.47352409362793,4.869384765625,0.4000730812549591,-0.0008762359502725303,0.0,0.0,0.0,0.0002156532621520958,-0.003579051545681998,0.001497172904503285,0.9999924511500063,0,0,0,,0.9697089195251465,-0.004120558500289917,0.0,False,False,4,False
18.313133614,315,18,313133614,map,16.694801330566406,4.425697326660156,-0.04800431430339813,-0.00041828147368505597,0.0,0.0,0.0,0.00020237175868286088,-0.0038848397384348117,0.0015054373390117415,0.9999913003243059,0,0,0,,0.9675480127334595,0.0013226866722106934,0.0,False,False,4,False
18.363133614,316,18,363133614,map,16.898841857910156,4.081382751464844,-0.25638851523399353,4.3105974327772856e-05,0.0,0.0,0.0,6.48630280234883e-05,-0.0040242339450404655,0.001315563828945323,0.9999910352726945,0,0,0,,0.9672309160232544,0.004835188388824463,0.0,False,False,4,False
18.363133614,317,18,413133615,map,17.089820861816406,3.8193130493164062,0.13209578394889832,0.00044040687498636544,0.0,0.0,0.0,3.0731013723207874e-05,-0.004039661609969407,0.0011239502472556687,0.9999912084241158,0,0,0,,0.9657297134399414,-0.0009592771530151367,0.0,False,False,4,False
18.413133615,318,18,463133616,map,17.27067756652832,3.6169052124023438,0.10344959795475006,0.00033817286021076143,0.0,0.0,0.0,6.200953692610638e-05,-0.003978416160263037,0.001068414922226884,0.9999915133886023,0,0,0,,0.9632577896118164,-0.001551896333694458,0.0,False,False,4,False
18.513133617,319,18,513133617,map,17.443790435791016,3.4627532958984375,-0.23959830403327942,0.00048770903958939016,0.0,0.0,0.0,-1.3366568322728717e-05,-0.0038778231609742976,0.0009482782972542568,0.9999920315068206,0,0,0,,0.9653177261352539,0.003365039825439453,0.0,False,False,4,False
18.563133617,320,18,563133617,map,17.611221313476562,3.348846435546875,-0.1433011144399643,0.0002460479736328125,0.0,0.0,0.0,-0.00010461597903683848,-0.0037642195403704355,0.0007191768443631986,0.9999926512187054,0,0,0,,0.9644770622253418,0.0023974180221557617,0.0,False,False,4,False
18.613133618,321,18,613133618,map,17.77424430847168,3.2605743408203125,-0.09737063199281693,0.00014572142390534282,0.0,0.0,0.0,-0.00015541305367761484,-0.003653352787301483,0.0004681391416695415,0.999993204829882,0,0,0,,0.9635028839111328,0.0014815330505371094,0.0,False,False,4,False
18.663133619,322,18,663133619,map,17.933792114257812,3.1908798217773438,0.07681138813495636,-1.907028490677476e-07,0.0,0.0,0.0,-0.00012373852620357084,-0.003553125445140193,0.0003268566352896216,0.9999936265562338,0,0,0,,0.9622576236724854,-0.0015744566917419434,0.0,False,False,4,False
18.71313362,323,18,713133620,map,18.09060287475586,3.13629150390625,-0.08651327341794968,4.386900400277227e-05,0.0,0.0,0.0,-0.00011283370878705667,-0.0034665681594030513,0.0002542023967139935,0.9999939527591614,0,0,0,,0.9618630409240723,0.00038367509841918945,0.0,False,False,4,False
18.76313362,324,18,763133620,map,18.2452449798584,3.0928802490234375,-0.012577660381793976,-8.392333256779239e-05,0.0,0.0,0.0,-0.00010284612269928306,-0.003394143049995911,0.0002206894412153374,0.9999942102391403,0,0,0,,0.9609756469726562,-0.000551372766494751,0.0,False,False,4,False
18.813133621,325,18,813133621,map,18.398122787475586,3.0576324462890625,-0.13276687264442444,-2.689363100216724e-05,0.0,0.0,0.0,-0.00012567279973218972,-0.003334477297695914,0.0001676235909712806,0.9999944186693395,0,0,0,,0.9606289863586426,0.001314997673034668,0.0,False,False,4,False
18.863133622,326,18,863133622,map,18.54941177368164,3.0258560180664062,-0.17216438055038452,-6.484984623966739e-05,0.0,0.0,0.0,-0.0001777975449461777,-0.0032860034701289323,3.0041610454415037e-05,0.9999945848187024,0,0,0,,0.9566254615783691,0.0022408366203308105,0.0,False,False,4,False
18.913133623,327,18,913133623,map,18.699138641357422,2.994537353515625,-0.07302218675613403,-0.00011558532423805445,0.0,0.0,0.0,-0.00019831274591894,-0.0032457976365418426,-0.00013647948366338116,0.9999947034075272,0,0,0,,0.955164909362793,0.0008646249771118164,0.0,False,False,4,False
18.913133623,328,18,963133623,map,18.847394943237305,2.965087890625,-0.14767514169216156,6.103518899180926e-06,0.0,0.0,0.0,-0.0002202234592817177,-0.0032117190188046983,-0.0003265261054819817,0.999994764857934,0,0,0,,0.9526827335357666,0.0017688870429992676,0.0,False,False,4,False
19.013133624,329,19,13133624,map,18.9936466217041,2.924652099609375,-0.37572628259658813,-8.697509474586695e-05,0.0,0.0,0.0,-0.0003211746513728115,-0.0031812972401464765,-0.0006704031653055529,0.9999946633629146,0,0,0,,0.9398797750473022,0.005231499671936035,0.0,False,False,4,False
19.063133625,330,19,63133625,map,19.1361083984375,2.8487777709960938,-0.26395320892333984,-7.629394076502649e-06,0.0,0.0,0.0,-0.0004091740474058695,-0.003148862345355112,-0.0011370483509287237,0.9999943121656125,0,0,0,,0.9081647396087646,0.0036894679069519043,0.0,False,False,4,False
19.063133625,331,19,113133626,map,19.271488189697266,2.70721435546875,-0.15845492482185364,9.72747784544481e-06,0.0,0.0,0.0,-0.000428880535935762,-0.0031045436915714862,-0.0015818450664816925,0.999993837799083,0,0,0,,0.8654255867004395,0.0015301108360290527,0.0,False,False,4,False
19.163133626,332,19,163133626,map,19.39837646484375,2.5374603271484375,-0.11731117963790894,6.408691115211695e-05,0.0,0.0,0.0,-0.00040290982106981523,-0.0030398986793721064,-0.001920211891647277,0.9999934547115727,0,0,0,,0.8614687919616699,0.0001976490020751953,0.0,False,False,4,False
19.213133627,333,19,213133627,map,19.51323890686035,2.2982025146484375,0.41946524381637573,0.0001274108944926411,0.0,0.0,0.0,-0.0001905682794844166,-0.0029517457357455578,-0.001856749311845221,0.9999939016628228,0,0,0,,0.7464313507080078,-0.008462727069854736,0.0,False,False,4,False
19.263133628,334,19,263133628,map,19.611190795898438,1.9595718383789062,0.43798744678497314,8.430481102550402e-05,0.0,0.0,0.0,8.964196386611673e-05,-0.002823706233261879,-0.0012999287323435136,0.9999951644046672,0,0,0,,0.7466789484024048,-0.009557515382766724,0.0,False,False,4,False
19.313133629,335,19,313133629,map,19.686229705810547,1.5000534057617188,1.0369749069213867,3.9291389839490876e-05,0.0,0.0,0.0,0.0005283014385518452,-0.002649765358294862,-8.277384473501436e-05,0.9999963463881388,0,0,0,,0.36871254444122314,-0.01815226674079895,0.0,False,False,4,False
19.313133629,336,19,363133629,map,19.71299171447754,0.5330276489257812,0.7437491416931152,0.00010395047866040841,0.0,0.0,0.0,0.0008884008749107227,-0.002369006737012993,0.0015893349687652008,0.9999955362726989,0,0,0,,0.3333315849304199,-0.013040512800216675,0.0,False,False,4,False
19.363133629,337,19,413133630,map,19.696285247802734,-0.33649444580078125,0.5223889350891113,0.00024700164794921875,0.0,0.0,0.0,0.0010541990930878918,-0.0019660232124645953,0.0032665519625157324,0.9999921764970346,0,0,0,,0.28404319286346436,-0.007102996110916138,0.0,False,False,4,False
19.463133631,338,19,463133631,map,19.65192985534668,-0.890655517578125,0.5897419452667236,0.00019607541617006063,0.0,0.0,0.0,0.0011412216746531094,-0.0014919714477301487,0.0047612727936719584,0.9999869008720428,0,0,0,,0.4741339683532715,-0.005294233560562134,0.0,False,False,4,False
19.463133631,339,19,513133632,map,19.60503387451172,-0.9373092651367188,-0.09594947099685669,0.00018653867300599813,0.0,0.0,0.0,0.0009757301217861756,-0.0010507486465481828,0.0056596724533415745,0.9999829558476144,0,0,0,,0.5200626850128174,0.0071035027503967285,0.0,False,False,4,False
19.563133632,340,19,563133632,map,19.562541961669922,-0.845489501953125,-0.7900989055633545,0.00010375981219112873,0.0,0.0,0.0,0.00047891677056156206,-0.0007086070914901833,0.005441413440016929,0.9999848296521762,0,0,0,,0.5729384422302246,0.020124197006225586,0.0,False,False,4,False
19.563133632,341,19,613133633,map,19.519407272338867,-0.8613204956054688,-0.34503787755966187,-8.010865713004023e-05,0.0,0.0,0.0,7.137459429535395e-05,-0.0004688996378295989,0.004379320651567278,0.9999902982476518,0,0,0,,0.3708075284957886,0.014284610748291016,0.0,False,False,4,False
19.663133634,342,19,663133634,map,19.454059600830078,-1.3056564331054688,-0.419592022895813,-0.00025596620980650187,0.0,0.0,0.0,-0.00020937154686862105,-0.00025923356468731475,0.002903585432146735,0.9999957290674559,0,0,0,,0.1578277349472046,0.012768983840942383,0.0,False,False,4,False
19.663133634,343,19,713133634,map,19.340450286865234,-2.2715377807617188,-0.2908805012702942,-0.0002397536882199347,0.0,0.0,0.0,-0.00037180803822186095,2.2383504339720705e-05,0.0013574213359293318,0.9999990093320483,0,0,0,,0.0,0.00763249397277832,0.08066904544830322,False,False,4,False
19.713133634000002,344,19,763133635,map,19.205368041992188,-2.7009963989257812,-0.6770610809326172,-0.000152587890625,0.0,0.0,0.0,-0.0005898060061652649,0.0003855321330394663,-0.00021777326959663583,0.9999997280342893,0,0,0,,0.08882355690002441,0.010397076606750488,0.0,False,False,4,False
19.763133635,345,19,813133636,map,19.059093475341797,-2.9256439208984375,-0.3565851151943207,-0.000179290771484375,0.0,0.0,0.0,-0.0007178438310389484,0.0007447352115180732,-0.0016245862858156972,0.9999981453928297,0,0,0,,0.09591996669769287,0.0032820701599121094,0.0,False,False,4,False
19.813133636,346,19,863133637,map,18.905826568603516,-3.0654525756835938,-0.12613308429718018,-4.8828133003553376e-05,0.0,0.0,0.0,-0.0006904752787914849,0.0010692366765144659,-0.00256861571275798,0.999995891086628,0,0,0,,0.14454936981201172,-0.002920985221862793,0.0,False,False,4,False
19.913133637,347,19,913133637,map,18.751380920410156,-3.0889892578125,-0.06138395518064499,1.564025296829641e-05,0.0,0.0,0.0,-0.0005875213474714427,0.0013333217428398388,-0.002975767197882545,0.9999945109256252,0,0,0,,0.15848350524902344,-0.005724281072616577,0.0,False,False,4,False
19.963133638,348,19,963133638,map,18.59895896911621,-3.0484390258789062,0.008481815457344055,-1.2207019608467817e-05,0.0,0.0,0.0,-0.0004581522108399352,0.0015281097519730885,-0.0029049395564853444,0.9999945081365751,0,0,0,,0.1989973783493042,-0.007214218378067017,0.0,False,False,4,False
20.013133639,349,20,13133639,map,18.4532527923584,-2.9139328002929688,0.17539434134960175,-5.34057107870467e-06,0.0,0.0,0.0,-0.0002852460848392354,0.0016499513486810946,-0.0024078175145093054,0.9999956993457695,0,0,0,,0.27104997634887695,-0.009208619594573975,0.0,False,False,4,False
20.06313364,350,20,63133640,map,18.31931495666504,-2.6787185668945312,0.027506835758686066,6.542204937431961e-05,0.0,0.0,0.0,-0.00016543491651588042,0.0016946040070060357,-0.001697352559557226,0.999997109967242,0,0,0,,0.33699774742126465,-0.005610167980194092,0.0,False,False,4,False
20.11313364,351,20,113133640,map,18.198261260986328,-2.4211883544921875,-0.1107955351471901,-1.2588498066179454e-05,0.0,0.0,0.0,-0.00014231477082190838,0.0016659215273345084,-0.0010574956901801087,0.9999980430755032,0,0,0,,0.35252487659454346,-0.001233518123626709,0.0,False,False,4,False
20.11313364,352,20,163133641,map,18.084718704223633,-2.2707366943359375,0.12481972575187683,3.795625161728822e-05,0.0,0.0,0.0,-8.175909796006239e-05,0.0015878486399021894,-0.0005029401668794909,0.9999986095507009,0,0,0,,0.2921261787414551,-0.0027520954608917236,0.0,False,False,4,False
20.163133641,353,20,213133642,map,17.971216201782227,-2.2700119018554688,0.08050502836704254,-4.081726729054935e-05,0.0,0.0,0.0,-1.1396003971777194e-05,0.0015001295042315448,-3.70301394965561e-05,0.9999988740545513,0,0,0,,0.24374711513519287,-0.0010469555854797363,0.0,False,False,4,False
20.263133643,354,20,263133643,map,17.85585594177246,-2.3073196411132812,-0.154587984085083,-0.00010757446580100805,0.0,0.0,0.0,-3.487437680453422e-05,0.0014303855014060186,0.00017714955200057747,0.9999989606990256,0,0,0,,0.2555948495864868,0.0036087632179260254,0.0,False,False,4,False
20.313133643,355,20,313133643,map,17.73896026611328,-2.3381805419921875,-0.209731787443161,-7.801055471645668e-05,0.0,0.0,0.0,-0.00011940048815254368,0.0013831769707931764,6.594503054464977e-05,0.9999990341076553,0,0,0,,0.22703254222869873,0.005497097969055176,0.0,False,False,4,False
20.313133643,356,20,363133644,map,17.618558883666992,-2.4090194702148438,-0.4348713457584381,-0.00011405944678699598,0.0,0.0,0.0,-0.00028144239665444575,0.0013612524479045785,-0.0004301687380510387,0.9999989413678433,0,0,0,,0.19964027404785156,0.009339988231658936,0.0,False,False,4,False
20.413133645,357,20,413133645,map,17.49405860900879,-2.4891281127929688,0.3685932755470276,-3.376007225597277e-05,0.0,0.0,0.0,-0.0001892835435486981,0.0013645669478965304,-0.0008295474733426915,0.9999987069890512,0,0,0,,0.1840670108795166,-0.003518134355545044,0.0,False,False,4,False
20.463133646,358,20,463133646,map,17.366003036499023,-2.5614166259765625,-0.13929888606071472,-3.2234194804914296e-05,0.0,0.0,0.0,-0.00013669238621111991,0.0013873890937406157,-0.001099443607646075,0.9999984238439819,0,0,0,,0.1765000820159912,0.002050459384918213,0.0,False,False,4,False
20.513133646,359,20,513133646,map,17.23495864868164,-2.6215744018554688,-0.2626796066761017,-1.392364538332913e-05,0.0,0.0,0.0,-0.00020219625804740406,0.0014232364804401328,-0.0014528652110832548,0.999997911346455,0,0,0,,0.16434156894683838,0.004022181034088135,0.0,False,False,4,False
20.513133646,360,20,563133647,map,17.103017807006836,-2.6390457153320312,-0.0706753134727478,1.3351473171496764e-06,0.0,0.0,0.0,-0.0002322576611123537,0.0014630580763090538,-0.001799505143397941,0.9999972836456522,0,0,0,,0.19729328155517578,0.0010190010070800781,0.0,False,False,4,False
20.613133648,361,20,613133648,map,16.969501495361328,-2.6718902587890625,-0.3969781994819641,2.6702882678364404e-05,0.0,0.0,0.0,-0.00033593307345700194,0.0014995728284842023,-0.00223617219628013,0.9999963189753305,0,0,0,,0.1240835189819336,0.005634129047393799,0.0,False,False,4,False
20.663133649,362,20,663133649,map,16.829856872558594,-2.7945327758789062,-0.3255051374435425,-2.84194993582787e-05,0.0,0.0,0.0,-0.00044921873837160543,0.0015445447219404056,-0.002795415335592017,0.9999947991050896,0,0,0,,0.08232450485229492,0.004914999008178711,0.0,False,False,4,False
20.713133649,363,20,713133649,map,16.686084747314453,-2.8751754760742188,0.05687341094017029,1.811981746868696e-05,0.0,0.0,0.0,-0.00040872112046521405,0.0016005114050988542,-0.0032081463752708698,0.9999934895323683,0,0,0,,0.12272751331329346,-0.0015306472778320312,0.0,False,False,4,False
20.76313365,364,20,763133650,map,16.543399810791016,-2.8534317016601562,0.054001063108444214,-4.76837158203125e-06,0.0,0.0,0.0,-0.0003004455053180628,0.0016521861062874436,-0.003360478803790723,0.9999929435729923,0,0,0,,0.15687990188598633,-0.0027212202548980713,0.0,False,False,4,False
20.76313365,365,20,813133651,map,16.405187606811523,-2.7642822265625,0.0023749470710754395,5.9509275160962716e-05,0.0,0.0,0.0,-0.00021596546797338377,0.0016830693920892549,-0.0033330674335247585,0.99999300562445,0,0,0,,0.19584894180297852,-0.0022268593311309814,0.0,False,False,4,False
20.863133652,366,20,863133652,map,16.272689819335938,-2.6500701904296875,-0.014471709728240967,7.22885160939768e-05,0.0,0.0,0.0,-0.00016502337162533539,0.0016847275467927673,-0.0032165589950938346,0.9999933940824864,0,0,0,,0.20369267463684082,-0.0016210079193115234,0.0,False,False,4,False
20.913133652,367,20,913133652,map,16.141963958740234,-2.6128387451171875,0.3576812148094177,1.544952465337701e-05,0.0,0.0,0.0,-9.862122848550185e-06,0.0016655073762011263,-0.0028731408553894938,0.9999944855095668,0,0,0,,0.13559305667877197,-0.007065773010253906,0.0,False,False,4,False
20.963133653,368,20,963133653,map,16.001319885253906,-2.8107452392578125,0.6667549014091492,-4.00543212890625e-05,0.0,0.0,0.0,0.00028250463353807876,0.0016601732265954991,-0.002102277076032906,0.9999963722169621,0,0,0,,0.0,-0.012471646070480347,0.016684412956237793,False,False,4,False
20.963133653,369,21,13133654,map,15.878353118896484,-2.458629608154297,0.9528496265411377,-0.0001413345307810232,0.0,0.0,0.0,0.000675274749030041,0.0016674398112448139,-0.0007946416536678949,0.9999980660946957,0,0,0,,0.0,-0.017217576503753662,0.214166522026062,False,False,4,False
21.063133655,370,21,63133655,map,15.799735069274902,-1.5723991394042969,0.03713255748152733,0.00017528532771393657,0.0,0.0,0.0,0.0007488392047860005,0.001501859450779731,0.0004793080016834539,0.9999984769597777,0,0,0,,0.0,-0.002623438835144043,0.2577475309371948,False,False,0,False
21.113133655,371,21,113133655,map,15.644146919250488,-3.1116485595703125,-0.40233853459358215,0.00013790131197310984,0.0,0.0,0.0,0.00048343718520006327,0.0013685704296833375,0.0010843068821733259,0.9999983587896794,0,0,0,,0.0,0.007969260215759277,0.2602832317352295,False,False,0,False
21.163133656,372,21,163133656,map,15.219361305236816,-8.495807647705078,0.387653648853302,-0.0006280898815020919,0.0,0.0,0.0,0.0004210760374671076,0.0020781124374105553,0.0014057970653047632,0.9999967639339037,0,0,0,,0.0,-0.002809375524520874,0.3079124093055725,False,False,3,False
21.213133657,373,21,213133657,map,14.839174270629883,-7.604827880859375,0.5785748958587646,-0.0009035110706463456,0.0,0.0,0.0,0.0005663898690947848,0.0030386979425429898,0.0018808406089382106,0.9999934539565416,0,0,0,,0.0,-0.0076344311237335205,0.20683997869491577,False,False,3,False
21.263133658,374,21,263133658,map,14.480318069458008,-7.175922393798828,-0.8568726778030396,-0.0005504608270712197,0.0,0.0,0.0,0.0002755286191752036,0.003825327971391758,0.0018181103586928718,0.9999909926717414,0,0,0,,0.0,0.017019569873809814,0.24716341495513916,False,False,3,False
21.313133658,375,21,313133658,map,14.159491539001465,-6.417179107666016,0.6189418435096741,6.427770131267607e-05,0.0,0.0,0.0,0.0002735216668835472,0.004331024035572631,0.0016672380039422288,0.9999891938086827,0,0,0,,0.0,-0.005727618932723999,0.12056875228881836,False,False,3,False
21.363133659,376,21,363133659,map,13.85373592376709,-6.1147308349609375,-0.9934476017951965,0.0005329132545739412,0.0,0.0,0.0,-3.669398984905027e-05,0.0045749603964213865,0.0010936268801704306,0.99998893612438,0,0,0,,0.0,0.019056737422943115,0.1544983983039856,False,False,3,False
21.363133659,377,21,413133660,map,13.574501037597656,-5.585498809814453,-0.37444621324539185,0.0007110595470294356,0.0,0.0,0.0,-0.0003286477190704478,0.004628561523020897,6.277192249495736e-05,0.9999892321763221,0,0,0,,0.0,0.011342942714691162,0.06716573238372803,False,False,3,False
21.463133661,378,21,463133661,map,13.302145004272461,-5.446815490722656,0.12547895312309265,0.0007242202409543097,0.0,0.0,0.0,-0.00032547450685137,0.004560063224338467,-0.0008074519730851847,0.999989223897461,0,0,0,,0.0,0.0011868476867675781,0.10623049736022949,False,False,3,False
21.463133661,379,21,513133661,map,13.026840209960938,-5.506744384765625,-0.22180013358592987,0.0003665924014057964,0.0,0.0,0.0,-0.000321435025767159,0.004462294647329885,-0.0014918127356059671,0.9999888794885505,0,0,0,,0.0,0.004261493682861328,0.1672956943511963,False,False,3,False
21.563133662,380,21,563133662,map,12.737669944763184,-5.783729553222656,-0.08186779916286469,6.67572021484375e-05,0.0,0.0,0.0,-0.0003125302953540269,0.004395636198458092,-0.0020257554379096163,0.9999882384418983,0,0,0,,0.0,0.0014840960502624512,0.2984471917152405,False,False,3,False
21.613133663,381,21,613133663,map,12.436491966247559,-6.022777557373047,0.251312792301178,-0.00016269684419967234,0.0,0.0,0.0,-0.00018040603365989102,0.004393080112307664,-0.0022167809511352485,0.9999878770180188,0,0,0,,0.0,-0.0051046013832092285,0.36136293411254883,False,False,3,False
21.663133664,382,21,663133664,map,12.136892318725586,-5.992851257324219,-0.2508273720741272,-0.00021915434626862407,0.0,0.0,0.0,-0.0001804640034522148,0.004418012739694097,-0.0023116948932674452,0.9999875522539747,0,0,0,,0.0,0.0021590590476989746,0.3706244230270386,False,False,3,False
21.713133664,383,21,713133664,map,11.847339630126953,-5.791110992431641,-0.0010508298873901367,-0.00020599363779183477,0.0,0.0,0.0,-0.00018172971629028684,0.004425539184552432,-0.0023828196481968105,0.9999873517938916,0,0,0,,0.0,-0.0007200837135314941,0.3401176929473877,False,False,3,False
21.763133665,384,21,763133665,map,11.768086433410645,-1.5855216979980469,-0.10862104594707489,0.0007448195246979594,0.0,0.0,0.0,-0.000186627384566406,0.003958204322089016,-0.002436320181364487,0.9999891810078435,0,0,0,,0.0,0.0006495118141174316,0.31973254680633545,False,False,0,False
21.813133666,385,21,813133666,map,11.682768821716309,-1.7055702209472656,0.1952441781759262,0.0008951188065111637,0.0,0.0,0.0,-9.915621142335014e-05,0.0032428484109266985,-0.0023544394700355984,0.9999919653262276,0,0,0,,0.0,-0.0036378204822540283,0.28012871742248535,False,False,0,False
21.863133667,386,21,863133667,map,11.202296257019043,-9.607906341552734,0.8399295210838318,-0.0006580353365279734,0.0,0.0,0.0,0.00023687291244142505,0.003309612331051039,-0.0017357412699905417,0.9999929887552639,0,0,0,,0.0,-0.019032031297683716,0.23682045936584473,False,False,0,False
21.913133667,387,21,913133667,map,10.671192169189453,-10.622272491455078,-0.27812594175338745,-0.00240917201153934,0.0,0.0,0.0,0.0002428647516709078,0.004314845237100743,-0.0011611352196227562,0.9999899873960209,0,0,0,,0.0,0.0017143487930297852,0.21351873874664307,False,False,2,False
21.913133667,388,21,963133668,map,10.2004976272583,-9.413700103759766,0.28591835498809814,-0.0019130705622956157,0.0,0.0,0.0,0.00025144362435064775,0.005307477564190808,-0.000689087286690295,0.9999856462053446,0,0,0,,0.0,-0.006333738565444946,0.08561867475509644,False,False,2,False
22.013133669,389,22,13133669,map,9.777654647827148,-8.457012176513672,0.2558349370956421,-0.0005474089994095266,0.0,0.0,0.0,0.00031459782999160145,0.005969080672673638,-0.00016168379657563413,0.9999821223214334,0,0,0,,0.0,-0.0065638720989227295,0.04524320363998413,False,False,2,False
22.06313367,390,22,63133670,map,9.396644592285156,-7.620182037353516,-0.03374489024281502,0.0008049010648392141,0.0,0.0,0.0,0.0002790726303704503,0.006275741494557434,0.00024777198822599066,0.9999802377028267,0,0,0,,0.05450403690338135,-0.001169651746749878,0.0,False,False,2,False
22.11313367,391,22,113133670,map,9.053903579711914,-6.859683990478516,1.127625823020935,0.0014451979659497738,0.0,0.0,0.0,0.0005940156378150203,0.006288556578245763,0.0011128616058871449,0.9999794311587765,0,0,0,,0.1177058219909668,-0.022941410541534424,0.0,False,False,2,False
22.11313367,392,22,163133671,map,8.739940643310547,-6.281623840332031,0.2588823437690735,0.00149364466778934,0.0,0.0,0.0,0.0007545187226872396,0.006090395065073051,0.002229937304147191,0.9999786823573131,0,0,0,,0.1280975341796875,-0.012329250574111938,0.0,False,False,2,False
22.213133672,393,22,213133672,map,8.469051361083984,-5.421562194824219,0.33788442611694336,0.0012458801502361894,0.0,0.0,0.0,0.0007873371884111533,0.00574862243638649,0.003319728307884882,0.9999776561724754,0,0,0,,0.16286003589630127,-0.012642264366149902,0.0,False,False,2,False
22.263133672,394,22,263133672,map,8.198077201843262,-5.425281524658203,0.4148457944393158,0.0008665084023959935,0.0,0.0,0.0,0.000823336490061783,0.005340390204101805,0.004444210331219903,0.9999755253725084,0,0,0,,0.18863868713378906,-0.014379769563674927,0.0,False,False,2,False
22.313133673,395,22,313133673,map,7.999125003814697,-3.9647960662841797,-1.429588794708252,0.00047149660531431437,0.0,0.0,0.0,0.00023051642000456466,0.0048685263598891755,0.004597976839663909,0.9999775512091483,0,0,0,,0.23819994926452637,0.020318448543548584,0.0,False,False,2,False
22.363133674,396,22,363133674,map,7.7672438621521,-4.635372161865234,-0.5563327074050903,5.912734195590019e-06,0.0,0.0,0.0,-0.0002705272590912515,0.004404636551739857,0.003919907854161479,0.9999825800054037,0,0,0,,0.29200243949890137,0.01561349630355835,0.0,False,False,2,False
22.413133675,397,22,413133675,map,7.633316516876221,-2.6787948608398438,0.08633673191070557,-0.00030975337722338736,0.0,0.0,0.0,-0.0003465219149901956,0.0038993618391303217,0.003222898043661267,0.9999871438313646,0,0,0,,0.3308957815170288,0.005370020866394043,0.0,False,False,2,False
22.463133675,398,22,463133675,map,7.444490432739258,-3.7762069702148438,-0.7908051013946533,-0.00030040740966796875,0.0,0.0,0.0,-0.000548471357889337,0.003434478735645485,0.0022878988240084604,0.999991334489432,0,0,0,,0.33196520805358887,0.018580079078674316,0.0,False,False,2,False
22.513133676,399,22,513133676,map,7.358456134796143,-1.7203140258789062,0.3643447756767273,-0.000385475141229108,0.0,0.0,0.0,-0.00043000421196918943,0.0029552074696210196,0.0015011427438877869,0.9999944141922251,0,0,0,,0.32213354110717773,0.001560986042022705,0.0,False,False,2,False
22.563133677,400,22,563133677,map,7.19905948638916,-3.1905078887939453,0.8301023244857788,-0.0002754211309365928,0.0,0.0,0.0,5.781968435683824e-06,0.002553175086819202,0.001660981544246728,0.999995361191168,0,0,0,,0.3280552625656128,-0.01393800973892212,0.0,False,False,2,False
22.563133677,401,22,613133678,map,7.1374664306640625,-1.2293624877929688,-1.0113673210144043,-0.00045948027400299907,0.0,0.0,0.0,-0.00015754723929479507,0.0021695236601191625,0.0012991560764195544,0.9999967902645711,0,0,0,,0.36289751529693604,0.016382932662963867,0.0,False,False,2,False
22.663133678,402,22,663133678,map,6.991399765014648,-2.921915054321289,0.5786210894584656,-0.0002113341906806454,0.0,0.0,0.0,-6.455915250680868e-05,0.00188729572926643,0.0013287654228335015,0.9999973341611452,0,0,0,,0.3800283670425415,-0.006942719221115112,0.0,False,False,2,False
22.713133679,403,22,713133679,map,6.9494547843933105,-0.8386516571044922,-0.7669074535369873,-0.000324249267578125,0.0,0.0,0.0,-0.00023275668574740627,0.001607821594860128,0.0008264834612527409,0.9999983388281865,0,0,0,,0.38157641887664795,0.014877557754516602,0.0,False,False,2,False
22.76313368,404,22,763133680,map,6.815130233764648,-2.687196731567383,0.8891202211380005,-9.422303264727816e-05,0.0,0.0,0.0,3.5516287548530337e-06,0.0014165080991215076,0.0010016066079848506,0.9999984951370646,0,0,0,,0.40849828720092773,-0.013303965330123901,0.0,False,False,2,False
22.813133681,405,22,813133681,map,6.7891130447387695,-0.5197048187255859,-0.19084590673446655,-0.0001161575346486643,0.0,0.0,0.0,8.156901841241704e-05,0.001206481416144663,0.0010193571898678695,0.9999987493292215,0,0,0,,0.38480639457702637,0.0006310939788818359,0.0,False,False,2,False
22.863133681,406,22,863133681,map,6.662193298339844,-2.5383567810058594,-0.7011684775352478,-2.6512143449508585e-05,0.0,0.0,0.0,-0.0001751470300723886,0.0010776126830489676,0.0009061944550282681,0.9999989934425098,0,0,0,,0.39539265632629395,0.014475226402282715,0.0,False,False,2,False
22.913133682,407,22,913133682,map,6.646359443664551,-0.3182697296142578,-0.3940102756023407,-6.866455078125e-05,0.0,0.0,0.0,-0.000401397388522499,0.0009227730706867852,6.455250024049385e-05,0.9999994916013563,0,0,0,,0.41558825969696045,0.01410973072052002,0.0,False,False,2,False
22.963133683,408,22,963133683,map,6.527040958404541,-2.3857975006103516,0.11902302503585815,7.400512549793348e-05,0.0,0.0,0.0,-0.0003728197979940409,0.0008372161440554582,-0.00034482367551928576,0.9999995205854647,0,0,0,,0.41287970542907715,0.004665493965148926,0.0,False,False,2,False
23.013133684,409,23,13133684,map,6.521393775939941,-0.1129913330078125,-0.011079609394073486,-3.623963493737392e-06,0.0,0.0,0.0,-0.0002832165795064792,0.0007115912578369151,-0.0009503610401906692,0.9999992551197946,0,0,0,,0.42523109912872314,0.00447314977645874,0.0,False,False,2,False
23.063133684,410,23,63133684,map,6.408926486968994,-2.2488784790039062,0.11178359389305115,2.899169885495212e-05,0.0,0.0,0.0,-0.00017111001696869075,0.0006489122881265251,-0.0010229998745704863,0.9999992515524505,0,0,0,,0.4415779113769531,0.0010543465614318848,0.0,False,False,2,False
23.113133685,411,23,113133685,map,6.4138503074646,0.09840965270996094,-0.01756478101015091,3.566742088878527e-05,0.0,0.0,0.0,-0.00010578923215176374,0.0005361704789342706,-0.001375042342808366,0.9999989052936065,0,0,0,,0.4407970905303955,0.0021915435791015625,0.0,False,False,2,False
23.163133686,412,23,163133686,map,6.307773113250732,-2.1213626861572266,0.05065515637397766,1.4877318790240679e-05,0.0,0.0,0.0,-5.663482074124371e-05,0.00048477812555662765,-0.0012854646435580116,0.9999990546812112,0,0,0,,0.4410611391067505,0.0007785558700561523,0.0,False,False,2,False
23.213133687,413,23,213133687,map,6.32076358795166,0.25923728942871094,-0.13185498118400574,-5.760193016612902e-05,0.0,0.0,0.0,-7.395070695721649e-05,0.0003833179163524994,-0.001611912572602583,0.9999986246673175,0,0,0,,0.4508049488067627,0.004046380519866943,0.0,False,False,2,False
23.263133687,414,23,263133687,map,6.219254493713379,-2.0286941528320312,0.5694988965988159,5.0926206313306466e-05,0.0,0.0,0.0,0.00011636812103714295,0.00034496634715497213,-0.0012441130752492075,0.999999159819315,0,0,0,,0.4441039562225342,-0.010365396738052368,0.0,False,False,2,False
23.313133688,415,23,313133688,map,6.2365403175354,0.3429889678955078,0.8713504672050476,-0.00010833740088855848,0.0,0.0,0.0,0.0004912345638317991,0.0002593863391563514,-0.0006334447818634322,0.9999996450774564,0,0,0,,0.4224720001220703,-0.022896289825439453,0.0,False,False,2,False
23.363133689,416,23,363133689,map,6.133911609649658,-2.0499610900878906,-0.9980317950248718,9.193419828079641e-05,0.0,0.0,0.0,0.00022251015551869992,0.0002458496185815289,-8.778388790921365e-05,0.9999999411705907,0,0,0,,0.4154934883117676,0.012759566307067871,0.0,False,False,2,False
23.363133689,417,23,413133690,map,6.15346097946167,0.3910636901855469,0.06510194391012192,3.4713742934400216e-05,0.0,0.0,0.0,4.1284396924040876e-05,0.00018452452647899247,-0.00027721692262922416,0.9999999436985362,0,0,0,,0.45519816875457764,0.0008083581924438477,0.0,False,False,2,False
23.46313369,418,23,463133690,map,6.053891658782959,-1.9913673400878906,0.022055525332689285,5.722051810153062e-07,0.0,0.0,0.0,4.380557104122038e-06,0.00018477411929737337,-6.121359396766986e-05,0.9999999810461155,0,0,0,,0.44963645935058594,0.0003630518913269043,0.0,False,False,2,False
23.513133691,419,23,513133691,map,6.079417705535889,0.5105495452880859,0.09401112794876099,-2.3269654775504023e-05,0.0,0.0,0.0,2.953076667798242e-05,0.00012355473572942774,-0.00019248390352272275,0.9999999734060535,0,0,0,,0.47065508365631104,-0.0016882121562957764,0.0,False,False,2,False
23.563133692,420,23,563133692,map,5.98497200012207,-1.889028549194336,0.15487618744373322,-1.277923547604587e-05,0.0,0.0,0.0,9.136662944262525e-05,0.00011773627178978397,0.00018720946326197677,0.9999999713714627,0,0,0,,0.4692007303237915,-0.003913551568984985,0.0,False,False,2,False
23.613133693,421,23,613133693,map,6.017706871032715,0.6547641754150391,-0.060205839574337006,1.7738340829964727e-05,0.0,0.0,0.0,8.206823743704663e-05,4.715863877943834e-05,0.00013848052227431761,0.9999999859320059,0,0,0,,0.48129749298095703,-0.00017392635345458984,0.0,False,False,2,False
23.663133693,422,23,663133693,map,5.928430080413818,-1.7855262756347656,-0.008878195658326149,-3.0136106943245977e-05,0.0,0.0,0.0,5.4895697547093555e-05,3.3582020645998764e-05,0.0004482081203536826,0.9999998974840903,0,0,0,,0.4777106046676636,-0.0001595914363861084,0.0,False,False,2,False
23.713133694,423,23,713133694,map,5.967520713806152,0.7818031311035156,0.009490977972745895,2.5176999770337716e-05,0.0,0.0,0.0,4.0072604433218956e-05,-4.260434411477265e-05,0.0003238420895381842,0.999999945852677,0,0,0,,0.48688626289367676,-0.00028902292251586914,0.0,False,False,2,False
23.763133695,424,23,763133695,map,5.882596015930176,-1.69891357421875,0.22542938590049744,-4.711150540970266e-05,0.0,0.0,0.0,0.00010735125532951358,-5.684433952332574e-05,0.000727581648586388,0.9999997279346499,0,0,0,,0.4828895330429077,-0.005221813917160034,0.0,False,False,2,False
23.763133695,425,23,813133696,map,5.926650524139404,0.8815193176269531,-0.2354412078857422,7.629391802765895e-06,0.0,0.0,0.0,4.262260636764913e-05,-0.00013152144270145384,0.0006106683904929849,0.9999998039847511,0,0,0,,0.48999810218811035,0.0034409165382385254,0.0,False,False,2,False
23.863133696,426,23,863133696,map,5.845113277435303,-1.630849838256836,0.08627177774906158,4.00543212890625e-05,0.0,0.0,0.0,2.6721992483369395e-05,-0.0001413589244746142,0.0008732541619740842,0.9999996083653024,0,0,0,,0.48917484283447266,-0.0010396242141723633,0.0,False,False,2,False
23.863133696,427,23,913133697,map,5.893461227416992,0.9668064117431641,0.08367568254470825,1.316070574830519e-05,0.0,0.0,0.0,5.440282138761884e-05,-0.0002113755270543834,0.0007757901962890454,0.9999996752550928,0,0,0,,0.4960041046142578,-0.0019593238830566406,0.0,False,False,2,False
23.913133697,428,23,963133698,map,5.814537525177002,-1.583871841430664,0.8860749006271362,-6.256103370105848e-05,0.0,0.0,0.0,0.0003631049329134749,-0.00021387533132726866,0.0016040986310309506,0.9999986246389203,0,0,0,,0.49007749557495117,-0.02139332890510559,0.0,False,False,2,False
24.013133699,429,24,13133699,map,5.865053653717041,1.0158061981201172,-0.9262876510620117,8.525849261786789e-05,0.0,0.0,0.0,0.00013045328181578628,-0.00027605509588483955,0.0016312212837807597,0.9999986229453761,0,0,0,,0.48333239555358887,0.012773573398590088,0.0,False,False,2,False
24.063133699,430,24,63133699,map,5.787524700164795,-1.5503692626953125,-0.19445480406284332,1.7547605239087716e-05,0.0,0.0,0.0,-0.00010394875832012199,-0.0002707175815878841,0.0016521959452564848,0.9999985930766129,0,0,0,,0.5042834281921387,0.007222414016723633,0.0,False,False,2,False
24.063133699,431,24,113133700,map,5.8420610427856445,1.090688705444336,-0.1188843846321106,-4.8828122089616954e-05,0.0,0.0,0.0,-0.00019802846140025147,-0.00032924465351590455,0.0011453599709831364,0.9999992702663454,0,0,0,,0.5054948329925537,0.006471037864685059,0.0,False,False,2,False
24.163133701,432,24,163133701,map,5.767990589141846,-1.4815139770507812,-0.09525838494300842,-3.032684253412299e-05,0.0,0.0,0.0,-0.00022337147906216725,-0.00032370513086393967,0.0010321684823648863,0.9999993899740113,0,0,0,,0.495039701461792,0.0060686469078063965,0.0,False,False,2,False
24.213133702,433,24,213133702,map,5.824756145477295,1.1352157592773438,-0.05000719800591469,3.700256274896674e-05,0.0,0.0,0.0,-0.00021206021790799116,-0.00038026647925531223,0.0005093818910778394,0.9999997754789536,0,0,0,,0.5044646263122559,0.005139708518981934,0.0,False,False,2,False
24.263133702,434,24,263133702,map,5.75213623046875,-1.45294189453125,-0.1890411227941513,1.2207030522404239e-05,0.0,0.0,0.0,-0.0002360909965698164,-0.0003701094392915978,0.00035491195582454816,0.9999998406587614,0,0,0,,0.49474823474884033,0.008099079132080078,0.0,False,False,2,False
24.263133702,435,24,313133703,map,5.810362339019775,1.164398193359375,-0.03664255142211914,1.4495850336970761e-05,0.0,0.0,0.0,-0.00022619637510533328,-0.00042087745587242705,-0.00022343478496825509,0.9999998608871223,0,0,0,,0.503624439239502,0.005700051784515381,0.0,False,False,2,False
24.363133704,436,24,363133704,map,5.738488674163818,-1.4365768432617188,0.5000872611999512,-3.6621091567212716e-05,0.0,0.0,0.0,-1.0932016072450787e-05,-0.00040453634160013787,-3.228212518954147e-05,0.9999999175943484,0,0,0,,0.493091344833374,-0.007406085729598999,0.0,False,False,2,False
24.363133704,437,24,413133705,map,5.797783851623535,1.1857795715332031,0.1348682940006256,3.24249267578125e-05,0.0,0.0,0.0,0.00013526396352364975,-0.0004499001579025947,-3.195963655490589e-05,0.9999998891360387,0,0,0,,0.5145158767700195,-0.0045080482959747314,0.0,False,False,2,False
24.413133705,438,24,463133705,map,5.727642059326172,-1.4030075073242188,0.08745864033699036,-2.460479663568549e-05,0.0,0.0,0.0,0.00018620531588002482,-0.00043151431960534027,0.00044536068810682836,0.9999997903883929,0,0,0,,0.5017523765563965,-0.0038239359855651855,0.0,False,False,2,False
24.513133706,439,24,513133706,map,5.789066314697266,1.228780746459961,-0.3088420033454895,-3.395080420887098e-05,0.0,0.0,0.0,6.299911787645709e-05,-0.00047729553336142244,0.0002924450533752967,0.9999998413479754,0,0,0,,0.5087156295776367,0.0053084492683410645,0.0,False,False,2,False
24.563133707,440,24,563133707,map,5.720327854156494,-1.3747596740722656,0.027272086590528488,1.811981201171875e-05,0.0,0.0,0.0,2.361944799376129e-06,-0.0004585374277564564,0.0004711140488483516,0.9999997838946775,0,0,0,,0.5189666748046875,0.0011608600616455078,0.0,False,False,2,False
24.613133708,441,24,613133708,map,5.784406661987305,1.2815284729003906,-0.0850173830986023,1.850128137448337e-05,0.0,0.0,0.0,-3.9321391537206294e-05,-0.0005067658918447928,0.0001842707325451764,0.9999998538432174,0,0,0,,0.5119112730026245,0.003068685531616211,0.0,False,False,2,False
24.663133708,442,24,663133708,map,5.717043876647949,-1.3473033905029297,-0.045513950288295746,1.2207030522404239e-05,0.0,0.0,0.0,-6.430801381733125e-05,-0.0004892533449692139,0.000287057196172157,0.9999998370468918,0,0,0,,0.49836957454681396,0.002882719039916992,0.0,False,False,2,False
24.713133709,443,24,713133709,map,5.77910041809082,1.2399864196777344,0.6851822733879089,-6.542205665027723e-05,0.0,0.0,0.0,0.0001724310410223052,-0.0005298823275759033,0.0003628137857968329,0.9999997789291816,0,0,0,,0.47422587871551514,-0.014093548059463501,0.0,False,False,2,False
24.713133709,444,24,763133710,map,5.707947731018066,-1.4219379425048828,-0.3700893521308899,6.0272213886491954e-05,0.0,0.0,0.0,0.00013371209371689925,-0.0004956245363351414,0.0008032751504880732,0.9999995456131107,0,0,0,,0.48824095726013184,0.0036644935607910156,0.0,False,False,2,False
24.81313371,445,24,813133710,map,5.7677202224731445,1.1955738067626953,-0.13862113654613495,-4.253387305652723e-05,0.0,0.0,0.0,1.4046035373006528e-05,-0.000520101875761798,0.00058989714829228,0.9999996906590032,0,0,0,,0.49291157722473145,0.0035310983657836914,0.0,False,False,2,False
24.863133711,446,24,863133711,map,5.695043087005615,-1.453561782836914,-0.08564150333404541,5.092620995128527e-05,0.0,0.0,0.0,-5.798591932060466e-05,-0.0004770570416520244,0.0007070412427344847,0.9999996345733799,0,0,0,,0.48519420623779297,0.003604114055633545,0.0,False,False,2,False
24.913133712,447,24,913133712,map,5.754759311676025,1.1943340301513672,0.10640610009431839,-2.422332727292087e-05,0.0,0.0,0.0,-3.572863132190235e-05,-0.0004998605608009803,0.00044819193691818276,0.9999997739934107,0,0,0,,0.5213372707366943,-0.00039654970169067383,0.0,False,False,2,False
24.963133713,448,24,963133713,map,5.6844635009765625,-1.405935287475586,0.03753090649843216,9.5367431640625e-06,0.0,0.0,0.0,6.234518871401822e-07,-0.0004649754668647516,0.0006809702421335608,0.9999996600384201,0,0,0,,0.5031369924545288,-0.00020429491996765137,0.0,False,False,2,False
24.963133713,449,25,13133713,map,5.746732711791992,1.245412826538086,-0.07140224426984787,-2.4414061044808477e-05,0.0,0.0,0.0,-1.2821210215425714e-05,-0.0005006848754755375,0.0004559265395264285,0.999999770640605,0,0,0,,0.5090227127075195,0.0020478367805480957,0.0,False,False,2,False
25.013133713,450,25,63133714,map,5.677262306213379,-1.3894176483154297,0.027812033891677856,-8.39233416627394e-06,0.0,0.0,0.0,-9.542083082048214e-06,-0.0004741016629051026,0.0006572632992028511,0.9999996715707048,0,0,0,,0.4973623752593994,0.000563204288482666,0.0,False,False,2,False
25.063133714,451,25,113133715,map,5.740123271942139,1.2571334838867188,0.10829058289527893,-8.392335075768642e-06,0.0,0.0,0.0,3.2057547717201544e-05,-0.0005129415045055683,0.0005012231097471731,0.9999997423193273,0,0,0,,0.5095069408416748,-0.0017233788967132568,0.0,False,False,2,False
25.163133716,452,25,163133716,map,5.670958518981934,-1.3833045959472656,0.003261016681790352,3.776550147449598e-05,0.0,0.0,0.0,4.8137257619294e-05,-0.0004865144695701534,0.0007971071021997864,0.9999995628032761,0,0,0,,0.4952930212020874,-0.00030922889709472656,0.0,False,False,2,False
25.163133716,453,25,213133716,map,5.7337470054626465,1.2557220458984375,0.03344065696001053,-5.5313107623078395e-06,0.0,0.0,0.0,5.318186017840483e-05,-0.0005233529064735776,0.0006684808779773781,0.999999638203305,0,0,0,,0.5005848407745361,-0.0007490217685699463,0.0,False,False,2,False
25.263133717,454,25,263133717,map,5.663802623748779,-1.3991641998291016,0.12633541226387024,-3.24249276673072e-06,0.0,0.0,0.0,9.173758824046122e-05,-0.0004924781657788536,0.0010336172469589133,0.9999993403422114,0,0,0,,0.4944831132888794,-0.0030943453311920166,0.0,False,False,2,False
25.263133717,455,25,313133718,map,5.725788593292236,1.2395381927490234,0.0622902438044548,-1.1253358024987392e-05,0.0,0.0,0.0,0.00011503268289786942,-0.0005244048072391652,0.001010995690823115,0.9999993448271819,0,0,0,,0.4935704469680786,-0.0025902092456817627,0.0,False,False,2,False
25.313133718,456,25,363133719,map,5.654059886932373,-1.434478759765625,-0.034486912190914154,3.4332276754867053e-06,0.0,0.0,0.0,9.355103877281075e-05,-0.0004876159767983791,0.001381692663995516,0.9999989222015414,0,0,0,,0.4781416654586792,-0.00047475099563598633,0.0,False,False,2,False
25.413133719,457,25,413133719,map,5.713913440704346,1.196451187133789,0.16840197145938873,-1.1253358024987392e-05,0.0,0.0,0.0,0.00012330343715544114,-0.0005118944418191427,0.0013745194640655558,0.999998916727706,0,0,0,,0.4941861629486084,-0.004381805658340454,0.0,False,False,2,False
25.46313372,458,25,463133720,map,5.640272617340088,-1.472940444946289,0.023352578282356262,-2.4414059225819074e-05,0.0,0.0,0.0,0.00013209363723512262,-0.000468729406215954,0.0018219288250094948,0.9999982217081046,0,0,0,,0.47390317916870117,-0.0024743378162384033,0.0,False,False,2,False
25.513133721,459,25,513133721,map,5.697715759277344,1.1496829986572266,-0.21735596656799316,2.1553038095589727e-05,0.0,0.0,0.0,3.4450457885167035e-05,-0.0004877473416711721,0.0016748771727641504,0.9999984778499179,0,0,0,,0.4719369411468506,0.003710627555847168,0.0,False,False,2,False
25.563133722,460,25,563133722,map,5.619790554046631,-1.5581989288330078,-0.14321821928024292,-2.47955313170678e-06,0.0,0.0,0.0,-6.286231645836423e-05,-0.0004363009097142508,0.0018045290368674796,0.9999982746809118,0,0,0,,0.4537618160247803,0.004518449306488037,0.0,False,False,2,False
25.613133722,461,25,613133722,map,5.672638416290283,1.0567283630371094,0.11602584272623062,4.863739013671875e-05,0.0,0.0,0.0,-4.80526953978354e-05,-0.00044460577226830425,0.0015366212659228015,0.9999987194050456,0,0,0,,0.462178111076355,-0.00037541985511779785,0.0,False,False,2,False
25.663133723,462,25,663133723,map,5.590400218963623,-1.6447257995605469,-0.017622988671064377,-1.1062620615120977e-05,0.0,0.0,0.0,-2.7827125259741066e-05,-0.00038348574723871625,0.0017438258126943583,0.9999984056166629,0,0,0,,0.45204079151153564,0.0010687708854675293,0.0,False,False,2,False
25.713133724,463,25,713133724,map,5.639305114746094,0.9783744812011719,-0.16158945858478546,3.299712989246473e-05,0.0,0.0,0.0,-7.56182313333277e-05,-0.00038551154031876613,0.001422098078216575,0.9999989116493033,0,0,0,,0.4483628273010254,0.004828274250030518,0.0,False,False,2,False
25.763133725,464,25,763133725,map,5.551700592041016,-1.7524909973144531,0.20626482367515564,-4.634857032215223e-05,0.0,0.0,0.0,-1.4659498716786694e-05,-0.00031849198976332036,0.0016343761859103278,0.999998613580256,0,0,0,,0.42294955253601074,-0.002457737922668457,0.0,False,False,2,False
25.763133725,465,25,813133725,map,5.594663619995117,0.859222412109375,0.015209391713142395,3.547668529790826e-05,0.0,0.0,0.0,2.7068875625334128e-05,-0.0003124079378244915,0.0014753985595585633,0.9999988624331763,0,0,0,,0.43305647373199463,-0.0003534853458404541,0.0,False,False,2,False
25.863133726,466,25,863133726,map,5.500293254852295,-1.8870830535888672,-0.13927428424358368,-3.4523007343523204e-05,0.0,0.0,0.0,-1.2917572543028411e-05,-0.00023665250026688996,0.001682847500334126,0.9999985559254678,0,0,0,,0.4024454355239868,0.0034617185592651367,0.0,False,False,2,False
25.913133727,467,25,913133727,map,5.536545753479004,0.7252120971679688,-0.21661534905433655,-1.182556115963962e-05,0.0,0.0,0.0,-0.00010784068417196933,-0.00022150996122388962,0.001280956029442031,0.9999991492273254,0,0,0,,0.40491414070129395,0.007045149803161621,0.0,False,False,2,False
25.963133728,468,25,963133728,map,5.43340539932251,-2.063007354736328,0.2357877492904663,2.47955322265625e-05,0.0,0.0,0.0,-4.641230542882202e-05,-0.00013429650946857855,0.001437567720987276,0.9999989566041522,0,0,0,,0.366030216217041,-0.0020878612995147705,0.0,False,False,2,False
26.013133728,469,26,13133728,map,5.460215091705322,0.5363845825195312,-0.26046866178512573,6.484984623966739e-06,0.0,0.0,0.0,-8.963533547406184e-05,-0.00010535820460264925,0.0010748420215853116,0.9999994127897196,0,0,0,,0.3652665615081787,0.006941437721252441,0.0,False,False,2,False
26.013133728,470,26,63133729,map,5.345827579498291,-2.288074493408203,-0.21703702211380005,6.675719305349048e-06,0.0,0.0,0.0,-0.00018029358395622825,-2.4465225539955794e-06,0.0010069404182073223,0.9999994767794793,0,0,0,,0.3343539237976074,0.008906006813049316,0.0,False,False,2,False
26.11313373,471,26,113133730,map,5.36244010925293,0.33111572265625,-0.29343533515930176,1.5640260244254023e-05,0.0,0.0,0.0,-0.0002868347867552786,4.1219773473654184e-05,0.0003006826848955915,0.9999999128083256,0,0,0,,0.3340238332748413,0.0125654935836792,0.0,False,False,2,False
26.11313373,472,26,163133731,map,5.2373857498168945,-2.499847412109375,0.34112218022346497,-2.899169885495212e-05,0.0,0.0,0.0,-0.00016542307608780334,0.00015522661427986307,0.0002628796687203627,0.9999999397170901,0,0,0,,0.32393085956573486,-0.0011604726314544678,0.0,False,False,2,False
26.213133731,473,26,213133731,map,5.245492458343506,0.16119003295898438,-0.27648472785949707,1.3351438610698096e-05,0.0,0.0,0.0,-0.0001661300899586642,0.0002026976908419687,-0.0002522171454491805,0.9999999338504733,0,0,0,,0.31011414527893066,0.009292006492614746,0.0,False,False,2,False
26.213133731,474,26,263133732,map,5.136826038360596,-2.174243927001953,-0.15894845128059387,-4.4059750507585704e-05,0.0,0.0,0.0,-0.0002150596411997826,0.0002864336256640887,-0.0004319824595906845,0.9999998425481292,0,0,0,,0.26971185207366943,0.009600460529327393,0.0,False,False,2,False
26.313133733,475,26,313133733,map,5.203919887542725,1.3395977020263672,-0.29879695177078247,2.136230432370212e-05,0.0,0.0,0.0,-0.00030075569861575486,0.0001431350340347049,-0.0012694350661405075,0.9999991387961215,0,0,0,,0.26199960708618164,0.013549864292144775,0.0,False,False,0,False
26.363133734,476,26,363133734,map,5.043964385986328,-3.1959915161132812,0.45155781507492065,3.376007225597277e-05,0.0,0.0,0.0,-0.00013886477222693793,9.820564990726104e-05,-0.001551860153997299,0.9999987814004013,0,0,0,,0.2996537685394287,-0.002766340970993042,0.0,False,False,0,False
26.363133734,477,26,413133734,map,4.678831100463867,-7.301874160766602,0.22037766873836517,-0.07394427806138992,0.0,0.0,0.0,2.631687281540416e-05,0.000912093215080157,-0.0014208336687802734,0.9999985743115212,0,0,0,,0.29677677154541016,-0.003159165382385254,0.0,False,False,1,False
26.463133735,478,26,463133735,map,4.362306118011475,-6.330833435058594,-0.0876736268401146,0.03871574252843857,0.0,0.0,0.0,5.189830612794802e-05,0.001919793108941879,-0.0014098652162838226,0.9999971619865011,0,0,0,,0.3950498104095459,0.0027799010276794434,0.0,False,False,1,False
26.513133736,479,26,513133736,map,4.132246971130371,-4.601049423217773,0.040437765419483185,0.023591041564941406,0.0,0.0,0.0,5.1275030027422124e-05,0.002625270872634606,-0.0014615563299240023,0.999995484578211,0,0,0,,0.4836233854293823,0.0012673735618591309,0.0,False,False,1,False
26.513133736,480,26,563133737,map,3.9761266708374023,-3.1232738494873047,0.822028636932373,0.01340179517865181,0.0,0.0,0.0,0.0003045360477666442,0.0028823401711634325,-0.0010406857852532122,0.9999952581617721,0,0,0,,0.5014775991439819,-0.019231826066970825,0.0,False,False,1,False
26.563133737,481,26,613133737,map,3.87788462638855,-1.964559555053711,-0.05316939204931259,0.006670760922133923,0.0,0.0,0.0,0.00036828991716548017,0.0027487629023664516,-0.000543968343896436,0.9999960063737676,0,0,0,,0.5369784832000732,-0.00927320122718811,0.0,False,False,1,False
26.663133738,482,26,663133738,map,3.823737621307373,-1.0829496383666992,-0.0014415755867958069,0.0025350565556436777,0.0,0.0,0.0,0.00031566947860100293,0.00234830997850081,-0.00016230991811618003,0.9999971797202809,0,0,0,,0.5607187747955322,-0.007699012756347656,0.0,False,False,1,False
26.713133739,483,26,713133739,map,3.801760196685791,-0.4389619827270508,-0.11944223195314407,-0.00022525782696902752,0.0,0.0,0.0,0.0002045026381246555,0.0018077652816794628,8.325316470866763e-05,0.9999983416147588,0,0,0,,0.5735232830047607,-0.0037514567375183105,0.0,False,False,1,False
26.713133739,484,26,763133740,map,3.8010003566741943,-0.014743804931640625,-0.4980986714363098,-0.0015733717009425163,0.0,0.0,0.0,-3.406175567288212e-05,0.0012314323303899619,-2.16225365580607e-05,0.9999992409730512,0,0,0,,0.5702805519104004,0.00795602798461914,0.0,False,False,1,False
26.81313374,485,26,813133740,map,3.806589126586914,0.10493755340576172,1.2155563831329346,-0.00208778353407979,0.0,0.0,0.0,0.0002544434591882978,0.0007034668121063714,0.0005186042662820823,0.9999995857212068,0,0,0,,0.5102894306182861,-0.02670016884803772,0.0,False,False,1,False
26.81313374,486,26,863133741,map,3.8110060691833496,0.09458065032958984,-0.6848141551017761,-0.0020925519056618214,0.0,0.0,0.0,0.00016459484920056688,0.00027789904052936027,0.0008585571364289343,0.9999995792800626,0,0,0,,0.4929612874984741,0.0012500286102294922,0.0,False,False,1,False
26.913133742,487,26,913133742,map,3.8115220069885254,0.011072158813476562,-0.25715750455856323,-0.0018072130624204874,0.0,0.0,0.0,-2.420995286733917e-05,-2.9822480008971393e-05,0.0008322369566945157,0.9999996529530126,0,0,0,,0.479885458946228,0.0035767555236816406,0.0,False,False,1,False
26.963133743,488,26,963133743,map,3.8061330318450928,-0.10976791381835938,-0.6524146199226379,-0.001338004949502647,0.0,0.0,0.0,-0.0003040460846128947,-0.00022697170167191585,0.00038289350115448844,0.9999998547161855,0,0,0,,0.45914340019226074,0.016996800899505615,0.0,False,False,1,False
27.013133743,489,27,13133743,map,3.793765068054199,-0.2563285827636719,-0.7346533536911011,-0.014912605285644531,0.0,0.0,0.0,-0.0006167015685454409,-0.00032581610952903405,-0.0005523040577297369,0.9999996042415547,0,0,0,,0.4401935338973999,0.028326570987701416,0.0,False,False,1,False
27.063133744,490,27,63133744,map,3.777830123901367,-0.32088756561279297,-0.11892244219779968,-0.029749296605587006,0.0,0.0,0.0,-0.0006926727762463033,-0.000334205715698847,-0.0015460028977574776,0.9999985091918911,0,0,0,,0.4562540054321289,0.022103071212768555,0.0,False,False,1,False
27.113133745,491,27,113133745,map,3.7582054138183594,-0.3793811798095703,1.3081778287887573,-0.012319185771048069,0.0,0.0,0.0,-0.0001850277900194322,-0.0002908697632016486,-0.001617593003516132,0.999998632275251,0,0,0,,0.4400455951690674,-0.014810919761657715,0.0,False,False,1,False
27.163133746,492,27,163133746,map,3.7350223064422607,-0.4659891128540039,-0.49510571360588074,0.0063800811767578125,0.0,0.0,0.0,-9.945550408962669e-05,-0.00022650740214385788,-0.0017031097174372357,0.9999985191090484,0,0,0,,0.42709553241729736,0.008603215217590332,0.0,False,False,1,False
27.213133746,493,27,213133746,map,3.687161684036255,-1.0293769836425781,3.9142136573791504,0.005082320421934128,0.0,0.0,0.0,0.0009844624537190224,-0.0001129953980931539,1.5291265059545032e-05,0.9999995089158266,0,0,0,,0.3129918575286865,-0.11840233206748962,0.0,False,False,1,False
27.263133747,494,27,263133747,map,3.6432535648345947,-0.8597660064697266,-0.4546770453453064,0.01648712530732155,0.0,0.0,0.0,0.001400536890749929,2.5043086396707948e-05,0.0024748406862640194,0.9999959565082446,0,0,0,,0.4274098873138428,-0.044069766998291016,0.0,False,False,1,False
27.313133748,495,27,313133748,map,3.5987274646759033,-0.868229866027832,-0.6522153615951538,0.01465892605483532,0.0,0.0,0.0,0.0009835635224118829,0.00012555385189284,0.0039043286042951073,0.9999918864956743,0,0,0,,0.36093592643737793,-0.02309301495552063,0.0,False,False,1,False
27.363133748,496,27,363133748,map,3.550959348678589,-0.9218263626098633,-2.4337158203125,0.009309005923569202,0.0,0.0,0.0,-0.0001543945630986439,0.00020449069545685995,0.003565996272045514,0.9999936089878085,0,0,0,,0.43026113510131836,0.04023098945617676,0.0,False,False,1,False
27.413133749,497,27,413133749,map,3.5057027339935303,-0.9335136413574219,-1.7819609642028809,-0.018087195232510567,0.0,0.0,0.0,-0.0012750598730829478,0.0002728812959292721,0.001721282861324041,0.9999976684689967,0,0,0,,0.3735222816467285,0.06391143798828125,0.0,False,False,1,False
27.46313375,498,27,463133750,map,3.4596004486083984,-0.9067916870117188,0.6416667699813843,-0.02124481089413166,0.0,0.0,0.0,-0.0013330107798173406,0.0003439512350747857,0.0002888790381686324,0.9999990106638657,0,0,0,,0.3579537868499756,0.023433566093444824,0.0,False,False,1,False
27.513133751,499,27,513133751,map,3.406095027923584,-1.099100112915039,-1.0392742156982422,-0.011409567669034004,0.0,0.0,0.0,-0.001433011602572795,0.0004309242298577553,-0.0013183523679517358,0.9999980113625672,0,0,0,,0.33237481117248535,0.05135291814804077,0.0,False,False,1,False
27.563133751,500,27,563133751,map,3.3461318016052246,-1.291351318359375,-1.83669912815094,-0.00021095387637615204,0.0,0.0,0.0,-0.0018958873704560807,0.0005443884286055836,-0.003968682246867991,0.999990179358548,0,0,0,,0.3486349582672119,0.0927053689956665,0.0,False,False,1,False
27.563133751,501,27,613133752,map,3.2895190715789795,-1.2488698959350586,-1.5018846988677979,0.008980180136859417,0.0,0.0,0.0,-0.0023927355203499285,0.0006543660209060034,-0.007600067205583883,0.9999680422895079,0,0,0,,0.39029574394226074,0.11194992065429688,0.0,False,False,1,False
27.663133753,502,27,663133753,map,3.2390592098236084,-1.1563634872436523,-1.429600715637207,0.010526846162974834,0.0,0.0,0.0,-0.002754978710966728,0.0007367325308148595,-0.01190801590768303,0.9999250304270928,0,0,0,,0.39781856536865234,0.13074707984924316,0.0,False,False,1,False
27.713133754,503,27,713133754,map,3.196532726287842,-0.8429288864135742,0.1154029369354248,0.014192963019013405,0.0,0.0,0.0,-0.0024909962845193058,0.0007490913599520837,-0.015865432430066214,0.9998707525742774,0,0,0,,0.38469910621643066,0.10298770666122437,0.0,False,False,1,False
27.763133754000002,504,27,763133754,map,3.152979850769043,-0.9835195541381836,-0.8929926156997681,0.0018466950859874487,0.0,0.0,0.0,-0.0023129752630017784,0.0007182952130383416,-0.019883365540912863,0.9997993728604686,0,0,0,,0.38454174995422363,0.12077635526657104,0.0,False,False,1,False
27.763133754000002,505,27,813133755,map,3.1155030727386475,-0.9256076812744141,-1.2250137329101562,0.0012163154315203428,0.0,0.0,0.0,-0.002367072019917816,0.0006697482357320283,-0.02442851263022493,0.9996985526537627,0,0,0,,0.4705178737640381,0.14178520441055298,0.0,False,False,1,False
27.863133756,506,27,863133756,map,3.0978028774261475,-0.6826639175415039,-1.9546222686767578,0.003496169811114669,0.0,0.0,0.0,-0.002726660532294493,0.0005978542761233946,-0.029900213269912917,0.9995489908648898,0,0,0,,0.7217947244644165,0.18071722984313965,0.0,False,False,1,False
27.913133757,507,27,913133757,map,3.126899003982544,0.1867198944091797,-2.0429623126983643,0.0030128483194857836,0.0,0.0,0.0,-0.0032119898464527314,0.0004400040147884376,-0.03641071025318094,0.9993316515034197,0,0,0,,0.7964324951171875,0.20495963096618652,0.0,False,False,1,False
27.963133757,508,27,963133757,map,3.209174394607544,1.5766096115112305,-0.4941868782043457,0.0008564000017940998,0.0,0.0,0.0,-0.003111224493801859,8.853123494405043e-05,-0.04275940501527631,0.9990805501695592,0,0,0,,0.8970084190368652,0.17211341857910156,0.0,False,False,1,False
28.013133758,509,28,13133758,map,3.3214950561523438,1.9134092330932617,-1.7132139205932617,0.007602691184729338,0.0,0.0,0.0,-0.003115462414314525,-0.0003512142245979818,-0.04937587681720126,0.9987753467777657,0,0,0,,0.8752089738845825,0.18845361471176147,0.0,False,False,1,False
28.063133759,510,28,63133759,map,3.456641912460327,2.2818470001220703,-2.021867036819458,0.001825523329898715,0.0,0.0,0.0,-0.0033153697987567316,-0.0007948153200986319,-0.05664395036976541,0.9983886214687205,0,0,0,,0.9179375171661377,0.20061326026916504,0.0,False,False,1,False
28.063133759,511,28,113133760,map,3.611985683441162,2.6196813583374023,-2.2103357315063477,0.0005846023559570312,0.0,0.0,0.0,-0.003603360961238882,-0.0012134917423594262,-0.06457080251252977,0.9979058846857563,0,0,0,,0.9395601749420166,0.20895731449127197,0.0,False,False,1,False
28.11313376,512,28,163133760,map,3.7894885540008545,3.7726354598999023,0.3424263000488281,-0.005875778384506702,0.0,0.0,0.0,-0.003059076291417392,-0.0017141352089701948,-0.07151429954595452,0.9974334106862374,0,0,0,,0.9446158409118652,0.13596093654632568,0.0,False,False,1,False
28.16313376,513,28,213133761,map,3.973661422729492,3.3961009979248047,-1.5588557720184326,-0.008360670879483223,0.0,0.0,0.0,-0.002721746473967392,-0.0021612070587212883,-0.07799438783062157,0.9969477402286978,0,0,0,,0.9338433742523193,0.1486150026321411,0.0,False,False,1,False
28.263133762,514,28,263133762,map,4.161820888519287,3.45731258392334,-1.6183090209960938,-0.010967444628477097,0.0,0.0,0.0,-0.00266614359039887,-0.0025196936018098727,-0.08459914036647478,0.9964083140318339,0,0,0,,0.9290037155151367,0.14440608024597168,0.0,False,False,1,False
28.313133763,515,28,313133763,map,4.35223388671875,3.4796524047851562,-1.686561107635498,-0.006739618256688118,0.0,0.0,0.0,-0.002714186708624992,-0.0027991119437096833,-0.0912610132623236,0.9958193739936836,0,0,0,,0.9229221343994141,0.1387668251991272,0.0,False,False,1,False
28.363133763,516,28,363133763,map,4.529714584350586,2.432107925415039,-4.155223369598389,0.00605087261646986,0.0,0.0,0.0,-0.00354757965586133,-0.0028665075654332748,-0.09925649447487866,0.9950514288806991,0,0,0,,0.9120398759841919,0.20286542177200317,0.0,False,False,1,False
28.413133764,517,28,413133764,map,4.694727897644043,1.5186309814453125,-5.555081367492676,0.006359673570841551,0.0,0.0,0.0,-0.005178574414035241,-0.002668821649551045,-0.10993506501544792,0.9939216977398624,0,0,0,,0.9193030595779419,0.2687155604362488,0.0,False,False,1,False
28.463133765,518,28,463133765,map,4.839268207550049,0.09526252746582031,-7.1430230140686035,0.005316734313964844,0.0,0.0,0.0,-0.007364092402143507,-0.002201315690458875,-0.12398970539097938,0.9922537363544579,0,0,0,,0.9145395755767822,0.3724542260169983,0.0,False,False,1,False
28.513133766,519,28,513133766,map,4.9841628074646,-0.5844497680664062,-7.504439353942871,0.002587890485301614,0.0,0.0,0.0,-0.009772942458506578,-0.0014904940990374917,-0.14191466018580753,0.9898295293874549,0,0,0,,0.9350963830947876,0.41414546966552734,0.0,False,False,1,False
28.513133766,520,28,563133766,map,5.1708598136901855,1.0042381286621094,-5.673460960388184,0.10609379410743713,0.0,0.0,0.0,-0.011119962321430735,-0.0009586512482565555,-0.16144373088085665,0.9868188026101974,0,0,0,,0.9138936996459961,0.3823956847190857,0.0,False,False,1,False
28.563133766,521,28,613133767,map,5.325989246368408,-0.9382152557373047,-7.069230079650879,-0.05520439147949219,0.0,0.0,0.0,-0.012282165246307868,-0.00037518256621746826,-0.1826533798148361,0.9831005800512589,0,0,0,,0.8972823619842529,0.43969833850860596,0.0,False,False,1,False
28.663133768,522,28,663133768,map,5.391667366027832,-1.8460655212402344,-4.717206954956055,-0.026377679780125618,0.0,0.0,0.0,-0.012527123046099488,0.00039088229348435265,-0.2049768054138908,0.9786865829475423,0,0,0,,0.9085184335708618,0.4433772563934326,0.0,False,False,1,False
28.713133769,523,28,713133769,map,5.18431282043457,-6.35167121887207,-1.2484550476074219,-0.010010527446866035,0.0,0.0,0.0,-0.01203812239900709,0.0014059095244619412,-0.22754159577163804,0.9736929337430831,0,0,0,,0.8996636867523193,0.4628230333328247,0.0,False,False,0,False
28.713133769,524,28,763133769,map,5.560565948486328,1.9991397857666016,-9.044647216796875,-0.0024976730346679688,0.0,0.0,0.0,-0.012097311552037174,0.0019664453539086626,-0.2509904810095159,0.9679119622096293,0,0,0,,0.8901244401931763,0.4432957172393799,0.0,False,False,0,False
28.763133769,525,28,813133770,map,5.929176330566406,1.297616958618164,-9.169301986694336,-0.011572455987334251,0.0,0.0,0.0,-0.013222753089299452,0.0017574957996239512,-0.2765195342217491,0.9609157180538992,0,0,0,,0.869583249092102,0.42751771211624146,0.0,False,False,2,False
28.81313377,526,28,863133771,map,6.353591442108154,1.0459136962890625,-10.542144775390625,-0.004760170355439186,0.0,0.0,0.0,-0.014583949387666295,0.0015552313411866703,-0.3037003233415533,0.9526547135651874,0,0,0,,0.8795759677886963,0.4501936435699463,0.0,False,False,2,False
28.913133772,527,28,913133772,map,0.5259264707565308,-78.17427825927734,86.77387237548828,-0.049000274389982224,0.0,0.0,0.0,-0.01509956727475149,0.0004959716081738026,-0.32232417386803597,0.9465087870804831,0,0,0,,0.0,0.0,1.0,False,False,2,False
